Product,Product Url,Price,Old Price,Brand
Laptop ASUS Zenbook 14 OLED UX3405MA PP475W,/products/laptop-asus-zenbook-14-oled-ux3405ma-pp475w,36.990.000₫,34.990.000₫,Asus
Laptop ASUS Vivobook S 16 OLED S5606MA MX051W,/products/laptop-asus-vivobook-s-16-oled-s5606ma-mx051w,29.990.000₫,28.990.000₫,Asus
Laptop ASUS Vivobook S 14 OLED S5406MA PP136W,/products/laptop-asus-vivobook-s-14-oled-s5406ma-pp136w,26.990.000₫,25.990.000₫,Asus
Laptop ASUS Zenbook Duo OLED UX8406MA PZ307W,/products/laptop-asus-zenbook-duo-oled-ux8406ma-pz307w,49.990.000₫,48.990.000₫,Asus
Laptop ASUS Zenbook Duo OLED UX8406MA PZ142W,/products/laptop-asus-zenbook-duo-oled-ux8406ma-pz142w,59.990.000₫,58.990.000₫,Asus
Laptop ASUS Vivobook 14 OLED A1405VA KM257W,/products/laptop-asus-vivobook-14-oled-a1405va-km257w,20.990.000₫,17.490.000₫,Asus
Laptop ASUS Vivobook 15 OLED A1505VA L1491W,/products/laptop-asus-vivobook-15-oled-a1505va-l1491w,22.990.000₫,19.490.000₫,Asus
Laptop ASUS Expertbook B1 B1402CBA NK1535W,/products/laptop-asus-expertbook-b1-b1402cba-nk1535w,14.590.000₫,9.990.000₫,Asus
Laptop ASUS Zenbook 14 OLED UX3405MA PP588W,/products/laptop-asus-zenbook-14-oled-ux3405ma-pp588w,28.990.000₫,27.490.000₫,Asus
Laptop ASUS Zenbook 14 OLED UX3405MA PP151W,/products/laptop-asus-zenbook-14-oled-ux3405ma-pp151w,28.990.000₫,26.490.000₫,Asus
Laptop ASUS Zenbook 14 OLED UM3402YA KM405W,/products/laptop-asus-zenbook-14-oled-um3402ya-km405w,24.990.000₫,20.990.000₫,Asus
Laptop ASUS Vivobook 16 M1605YA MB303W,/products/laptop-asus-vivobook-16-m1605ya-mb303w,18.490.000₫,13.990.000₫,Asus
Laptop ASUS Zenbook 14 OLED UX3402VA KM068W,/products/laptop-asus-zenbook-14-oled-ux3402va-km068w,31.990.000₫,27.990.000₫,Asus
Laptop Asus ZenBook Flip OLED UP3404VA KN038W,/products/laptop-asus-zenbook-flip-oled-up3404va-kn038w,29.990.000₫,25.990.000₫,Asus
Laptop Asus ZenBook Flip OLED UP3404VA KN039W,/products/laptop-asus-zenbook-flip-oled-up3404va-kn039w,33.990.000₫,29.490.000₫,Asus
Laptop ASUS Vivobook S 14 Flip TN3402YA LZ192W,/products/laptop-asus-vivobook-s-14-flip-tn3402ya-lz192w,18.990.000₫,15.790.000₫,Asus
Laptop ASUS Zenbook 14 OLED UX3402VA KM085W,/products/laptop-asus-zenbook-14-oled-ux3402va-km085w,27.990.000₫,23.490.000₫,Asus
Laptop Asus Vivobook 15 OLED A1505VA L1114W,/products/laptop-asus-vivobook-15x-oled-a1505va-l1114w,20.990.000₫,16.990.000₫,Asus
Laptop ASUS Zenbook 14 OLED UX3402VA KM203W,/products/laptop-asus-zenbook-14-oled-ux3402va-km203w,27.990.000₫,23.990.000₫,Asus
Laptop Asus Vivobook 15 OLED A1505VA L1201W,/products/laptop-asus-vivobook-15x-oled-a1505va-l1201w,24.990.000₫,21.490.000₫,Asus
Laptop ASUS Vivobook 14 OLED A1405VA KM095W,/products/laptop-asus-vivobook-14x-oled-a1405va-km095w,20.990.000₫,17.790.000₫,Asus
Laptop ASUS VivoBook Pro 16X OLED N7600ZE L2010W,/products/laptop-asus-vivobook-pro-16x-oled-n7600ze-l2010w,42.990.000₫,36.490.000₫,Asus
Laptop Acer Aspire 5 A514 56P 562P,/products/laptop-acer-aspire-5-a514-56p-562p,15.990.000₫,14.990.000₫,Acer
Laptop Acer Aspire 5 A515 58M 56YX,/products/laptop-acer-aspire-5-a515-58m-56yx,17.490.000₫,15.590.000₫,Acer
Laptop Acer Swift X14 SFX14 71G 78SY,/products/laptop-acer-swift-x14-sfx14-71g-78sy,42.990.000₫,39.990.000₫,Acer
Laptop Acer Aspire 7 A715 76 53PJ,/products/laptop-acer-aspire-7-a715-76-53pj,15.990.000₫,15.490.000₫,Acer
Laptop Acer Aspire 5 A514 56P 55K5,/products/laptop-acer-aspire-5-a514-56p-55k5,16.990.000₫,15.990.000₫,Acer
Laptop Acer Swift X SFX14 71G 75CV,/products/laptop-acer-swift-x-sfx14-71g-75cv,40.990.000₫,39.990.000₫,Acer
Laptop Acer Aspire 7 A715 76 57CY,/products/laptop-acer-aspire-7-a715-76-57cy,16.490.000₫,14.490.000₫,Acer
Laptop MSI Summit E14 Flip Evo A12MT 210VN,/products/laptop-msi-summit-e14-flip-evo-a12mt-210vn,30.990.000₫,25.990.000₫,MSI
Laptop MSI Modern 14 C11M 011VN,/products/laptop-msi-modern-14-c11m-011vn,14.190.000₫,8.990.000₫,MSI
Laptop MSI Modern 15 C13M 438VN,/products/laptop-msi-modern-15-c13m-438vn,18.490.000₫,13.990.000₫,MSI
Laptop MSI Modern 14 C13M 609VN,/products/laptop-msi-modern-14-c13m-609vn,17.990.000₫,13.990.000₫,MSI
Laptop MSI Modern 14 C13M 608VN,/products/laptop-msi-modern-14-c13m-608vn,18.490.000₫,15.990.000₫,MSI
Laptop MSI Modern 15 B13M 297VN,/products/laptop-msi-modern-15-b13m-297vn,21.990.000₫,19.890.000₫,MSI
Laptop MSI Summit E14 Evo A12M 211VN,/products/laptop-msi-summit-e14-evo-a12m-211vn,25.990.000₫,22.490.000₫,MSI
Laptop Lenovo Ideapad Slim 3 15ABR8 82XM00EJVN,/products/laptop-lenovo-ideapad-slim-3-15abr8-82xm00ejvn,13.990.000₫,13.490.000₫,Lenovo
Laptop Lenovo Ideapad Slim 3 15ABR8 82XM00EHVN,/products/laptop-lenovo-ideapad-slim-3-15abr8-82xm00ehvn,15.990.000₫,14.990.000₫,Lenovo
Laptop Lenovo Ideapad Slim 5 15IRU9 83D00003VN,/products/laptop-lenovo-ideapad-slim-5-15iru9-83d00003vn,21.990.000₫,20.490.000₫,Lenovo
Laptop Lenovo Yoga Book 9 13IMU9 83FF001SVN,/products/laptop-lenovo-yoga-book-9-13imu9-83ff001svn,66.990.000₫,64.990.000₫,Lenovo
Laptop Lenovo ThinkPad E16 Gen 1 21JN005MVN,/products/laptop-lenovo-thinkpad-e16-gen-1-21jn005mvn,21.990.000₫,18.990.000₫,Lenovo
Laptop Lenovo V14 G4 IRU 83A0000TVN,/products/laptop-lenovo-v14-g4-iru-83a0000tvn,11.990.000₫,10.490.000₫,Lenovo
Laptop Lenovo Yoga 9 2in1 14IMH9 83AC000SVN,/products/laptop-lenovo-yoga-9-2in1-14imh9-83ac000svn,47.990.000₫,45.990.000₫,Lenovo
Laptop Lenovo IdeaPad Slim 5 14IMH9 83DA001NVN,/products/laptop-lenovo-ideapad-slim-5-14imh9-83da001nvn,21.990.000₫,20.490.000₫,Lenovo
Laptop Lenovo IdeaPad Slim 5 14IMH9 83DA001YVN,/products/laptop-lenovo-ideapad-slim-5-14imh9-83da001yvn,26.990.000₫,24.990.000₫,Lenovo
Laptop Lenovo Yoga Slim 7 14IMH9 83CV001UVN,/products/laptop-lenovo-yoga-sim-7-14imh9-83cv001uvn,28.990.000₫,27.990.000₫,Lenovo
Laptop Lenovo IdeaPad 3 15IAU7 82RK001PVN,/products/laptop-lenovo-ideapad-3-15iau7-82rk001pvn,17.990.000₫,10.990.000₫,Lenovo
Laptop Lenovo Ideapad Flex 5 14ALC7 82R900EDVN,/products/laptop-lenovo-ideapad-flex-5-14alc7-82r900edvn,14.990.000₫,14.290.000₫,Lenovo
Laptop Lenovo Ideapad Flex 5 14ALC7 82R900ECVN,/products/laptop-lenovo-ideapad-flex-5-14alc7-82r900ecvn,16.990.000₫,15.990.000₫,Lenovo
Laptop Lenovo Ideapad 1 14ALC7 82R30077VN,/products/laptop-lenovo-ideapad-1-14alc7-82r30077vn,13.990.000₫,13.490.000₫,Lenovo
Laptop Lenovo V14 G4 IAH 83FR000UVN,/products/laptop-lenovo-v14-g4-iah-83fr000uvn,17.290.000₫,12.790.000₫,Lenovo
Laptop Lenovo Yoga Slim 6 14IRH8 83E0000VVN,/products/laptop-lenovo-yoga-slim-6-14irh8-83e0000vvn,24.990.000₫,23.990.000₫,Lenovo
Laptop Dell Vostro 3530 V5I3465W1 Gray,/products/laptop-dell-vostro-3530-v5i3465w1-gray,14.690.000₫,13.990.000₫,Dell
Laptop Dell Inspiron 15 N3530 I3U085W11BLU,/products/laptop-dell-inspiron-15-n3530-i3u085w11blu,14.690.000₫,12.890.000₫,Dell
Laptop Dell Inspiron 14 N5430 i5P165W11SL2050,/products/laptop-dell-inspiron-14-n5430-i5p165w11sl2050,29.990.000₫,27.290.000₫,Dell
Laptop Dell Vostro 15 V3530 i7U085W11GRD2,/products/laptop-dell-vostro-15-v3530-i7u085w11grd2,24.490.000₫,21.200.000₫,Dell
Laptop Dell Vostro 3530 V5I5267W1 Gray,/products/laptop-dell-vostro-3530-v5i5267w1-gray,18.190.000₫,14.990.000₫,Dell
Laptop Dell Inspiron 15 3530 i5U085W11BLU,/products/laptop-dell-inspiron-15-3530-i5u085w11blu,18.590.000₫,16.490.000₫,Dell
Laptop Dell Inspiron 14 T7430 i7U165W11SLU,/products/laptop-dell-inspiron-14-t7430-i7u165w11slu,29.490.000₫,27.990.000₫,Dell
Laptop Dell Inspiron 3530 N3530I716W1 Silver,/products/laptop-dell-inspiron-3530-n3530i716w1-silver,26.990.000₫,22.790.000₫,Dell
Laptop Dell Inspiron T7430 N7430I58W1 Silver,/products/laptop-dell-inspiron-t7430-n7430i58w1-silver,24.390.000₫,21.990.000₫,Dell
Laptop Dell Inspiron 15 3520 i3U082W11BLU,/products/laptop-dell-inspiron-15-n3520-i3u082w11blu,15.190.000₫,12.490.000₫,Dell
Laptop Dell Vostro 3430 71011900,/products/laptop-dell-vostro-3430-71011900,20.990.000₫,17.990.000₫,Dell
Laptop Dell Latitude 3520 P108F001 70280538,/products/laptop-dell-latitude-3520-p108f001-70280538,24.990.000₫,19.990.000₫,Dell
Laptop Dell XPS 13 Plus 71013325,/products/laptop-dell-xps-13-plus-71013325,55.490.000₫,52.990.000₫,Dell
Laptop HP Pavilion 15 eg3091TU 8C5L2PA,/products/laptop-hp-pavilion-15-eg3091tu-8c5l2pa,25.290.000₫,22.990.000₫,HP
Laptop HP Pavilion 15 eg3111TU 8U6L8PA,/products/laptop-hp-pavilion-15-eg3111tu-8u6l8pa,21.290.000₫,19.290.000₫,HP
Laptop HP Pavilion 15 eg3093TU 8C5L4PA,/products/laptop-hp-pavilion-15-eg3093tu-8c5l4pa,21.290.000₫,19.290.000₫,HP
Laptop HP Pavilion 15 eg3112TU 8U6L9PA,/products/laptop-hp-pavilion-15-eg3112tu-8u6l9pa,25.290.000₫,22.990.000₫,HP
Laptop LG Gram 2023 14Z90R GAH75A5,/products/laptop-lg-gram-2023-14z90r-gah75a5,38.990.000₫,24.990.000₫,LG
Laptop LG Gram 2023 14Z90R GAH53A5,/products/laptop-lg-gram-2023-14z90r-gah53a5,32.490.000₫,23.890.000₫,LG
Laptop LG Gram 2023 16Z90R EAH75A5,/products/laptop-lg-gram-2023-16z90r-eah75a5,49.990.000₫,46.990.000₫,LG
Laptop LG Gram 2023 16Z90R GAH76A5,/products/laptop-lg-gram-2023-16z90r-gah76a5,46.990.000₫,41.990.000₫,LG
Laptop LG Gram 2023 17Z90R GAH78A5,/products/laptop-lg-gram-2023-17z90r-gah78a5,50.990.000₫,41.990.000₫,LG
Laptop LG Gram 2in1 14T90R GAH55A5,/products/laptop-lg-gram-2in1-14t90r-gah55a5,37.990.000₫,33.990.000₫,LG
Laptop LG Gram Style 16Z90RS GAH54A5,/products/laptop-lg-gram-style-16z90rs-gah54a5,43.990.000₫,39.490.000₫,LG
Laptop LG Gram Ultra Slim 15Z90RT GAH55A5,/products/laptop-lg-gram-ultra-slim-15z90rt-gah55a5,42.990.000₫,38.990.000₫,LG
Laptop gaming Acer Nitro V ANV15 51 72VS,/products/laptop-gaming-acer-nitro-v-anv15-51-72vs,25.990.000₫,23.990.000₫,Acer
Laptop gaming Acer Nitro V ANV15 51 75GS,/products/laptop-gaming-acer-nitro-v-anv15-51-75gs,30.990.000₫,28.990.000₫,Acer
Laptop gaming Acer Predator Helios 16 PH16 72 95ZM,/products/laptop-gaming-acer-predator-helios-16-ph16-72-95zm,78.990.000₫,77.990.000₫,Acer
Laptop gaming Acer Predator Helios 18 PH18 72 908N,/products/laptop-gaming-acer-predator-helios-18-ph18-72-908n,104.990.000₫,102.990.000₫,Acer
Laptop gaming Acer Predator Helios Neo 16 PHN16 72 94KC,/products/laptop-gaming-acer-predator-helios-neo-16-phn16-72-94kc,56.990.000₫,55.990.000₫,Acer
Laptop gaming Acer Predator Helios Neo 16 PHN16 72 71UM,/products/laptop-gaming-acer-predator-helios-neo-16-phn16-72-71um,51.990.000₫,50.990.000₫,Acer
Laptop gaming Acer Nitro 5 Tiger AN515 58 50EE,/products/laptop-gaming-acer-nitro-5-tiger-an515-58-50ee,24.990.000₫,19.990.000₫,Acer
Laptop gaming Acer Predator Helios Neo 16 PHN16 71 74QR,/products/laptop-gaming-acer-predator-helios-neo-16-phn16-71-74qr,49.990.000₫,47.990.000₫,Acer
Laptop gaming Acer Nitro V ANV15 51 58AN,/products/laptop-gaming-acer-nitro-v-anv15-51-58an,21.490.000₫,19.490.000₫,Acer
Laptop gaming Acer Aspire 5 A515 58GM 53PZ,/products/laptop-gaming-acer-aspire-5-a515-58gm-53pz,20.490.000₫,15.890.000₫,Acer
Laptop gaming Acer Nitro 5 Tiger AN515 58 5935,/products/laptop-gaming-acer-nitro-5-tiger-an515-58-5935,26.990.000₫,24.990.000₫,Acer
Laptop gaming Acer Nitro 16 Phoenix AN16 41 R50Z,/products/laptop-gaming-acer-nitro-16-phoenix-an16-41-r50z,30.990.000₫,28.990.000₫,Acer
Laptop gaming Acer Predator Helios Neo PHN16 71 54CD,/products/laptop-gaming-acer-predator-helios-neo-phn16-71-54cd,35.990.000₫,33.490.000₫,Acer
Laptop gaming Acer Nitro 5 Tiger AN515 58 5193,/products/laptop-gaming-acer-nitro-5-tiger-an515-58-5193,28.990.000₫,26.790.000₫,Acer
Laptop gaming Acer Nitro 5 Tiger AN515 58 769J,/products/laptop-acer-nitro-5-tiger-an515-58-769j,30.990.000₫,24.490.000₫,Acer
Laptop gaming Acer Aspire 7 A715 76G 73FM,/products/laptop-gaming-acer-aspire-7-a715-76g-73fm,25.690.000₫,23.790.000₫,Acer
Laptop gaming Acer Nitro 5 AN515 58 52SP,/products/may-tinh-xach-tay-acer-nitro-5-an515-58-52sp,27.990.000₫,21.490.000₫,Acer
Laptop gaming Acer Aspire 7 A715 76G 5806,/products/laptop-gaming-acer-aspire-7-a715-76g-5806,22.990.000₫,19.990.000₫,Acer
Laptop gaming Acer Aspire 7 A715 76G 59MW,/products/laptop-gaming-acer-aspire-7-a715-76g-59mw,21.490.000₫,17.990.000₫,Acer
Laptop gaming Acer Nitro V ANV15 51 55CA,/products/laptop-gaming-acer-nitro-v-anv15-51-55ca,27.990.000₫,26.790.000₫,Acer
Laptop gaming Acer Nitro 17 Phoenix AN17 51 50B9,/products/laptop-gaming-acer-nitro-17-phoenix-an17-51-50b9,35.490.000₫,33.490.000₫,Acer
Laptop gaming Acer Nitro 16 Phoenix AN16 41 R60F,/products/laptop-gaming-acer-nitro-16-phoenix-an16-41-r60f,35.990.000₫,33.990.000₫,Acer
Laptop gaming Acer Predator Helios Neo 16 PHN16 71 53M7,/products/laptop-gaming-acer-predator-helios-neo-16-phn16-71-53m7,37.990.000₫,36.990.000₫,Acer
Laptop gaming Acer Nitro 16 Phoenix AN16 41 R3SM,/products/laptop-gaming-acer-nitro-16-phoenix-an16-41-r3sm,39.990.000₫,36.990.000₫,Acer
Laptop gaming Acer Predator Helios Neo PHN16 71 547E,/products/laptop-gaming-acer-predator-helios-neo-phn16-71-547e,39.990.000₫,37.990.000₫,Acer
Laptop gaming Acer Nitro 16 Phoenix AN16 41 R76E,/products/laptop-gaming-acer-nitro-16-phoenix-an16-41-r76e,42.490.000₫,38.990.000₫,Acer
Laptop gaming Acer Nitro 5 AN515 58 957R,/products/laptop-gaming-acer-nitro-5-an515-58-957r,39.990.000₫,38.990.000₫,Acer
Laptop gaming Acer Predator Helios 16 PH16 71 72BV,/products/laptop-gaming-acer-predator-helios-16-ph16-71-72bv,55.990.000₫,52.990.000₫,Acer
Laptop gaming ASUS ROG Zephyrus G16 GU605MV QR196W,/products/laptop-gaming-asus-rog-zephyrus-g16-gu605mv-qr196w,67.990.000₫,64.990.000₫,Asus
Laptop gaming ASUS ROG Zephyrus G14 GA403UV QS171W,/products/laptop-gaming-asus-rog-zephyrus-g14-ga403uv-qs171w,58.990.000₫,57.990.000₫,Asus
Laptop gaming ASUS ROG Zephyrus G14 GA403UV QS170W,/products/laptop-gaming-asus-rog-zephyrus-g14-ga403uv-qs170w,58.990.000₫,57.990.000₫,Asus
Laptop gaming ASUS TUF Gaming F15 FX507VV LP181W,/products/laptop-gaming-asus-tuf-gaming-f15-fx507vv-lp181w,36.990.000₫,32.990.000₫,Asus
Laptop gaming ASUS ROG Zephyrus G16 GU605MV QR196WS,/products/laptop-gaming-asus-rog-zephyrus-g16-gu605mv-qr196ws,69.990.000₫,66.990.000₫,Asus
Laptop gaming ASUS ROG Strix G16 G614JVR N4141W,/products/laptop-gaming-asus-rog-strix-g16-g614jvr-n4141w,52.990.000₫,44.990.000₫,Asus
Laptop gaming ASUS TUF Gaming A15 FA506NC HN011W,/products/laptop-gaming-asus-tuf-gaming-a15-fa506nc-hn011w,21.990.000₫,18.990.000₫,Asus
Laptop gaming ASUS ROG Zephyrus G16 GU605MI QR116W,/products/laptop-gaming-asus-rog-zephyrus-g16-gu605mi-qr116w,0,79.990.000₫,Asus
Laptop gaming ASUS ROG Zephyrus G14 GA403UU QS101W,/products/laptop-gaming-asus-rog-zephyrus-g14-ga403uu-qs101w,54.990.000₫,52.990.000₫,Asus
Laptop gaming ASUS TUF Gaming F15 FX507VI LP088W,/products/laptop-gaming-asus-tuf-gaming-f15-fx507vi-lp088w,45.990.000₫,43.990.000₫,Asus
Laptop gaming ASUS ROG Zephyrus G16 GU605MV QR135W,/products/laptop-gaming-asus-rog-zephyrus-g16-gu605mv-qr135w,67.990.000₫,65.990.000₫,Asus
Laptop gaming ASUS TUF Gaming A15 FA507NU LP131W,/products/laptop-gaming-asus-tuf-gaming-a15-fa507nu-lp131w,29.490.000₫,22.790.000₫,Asus
Laptop gaming ASUS TUF Gaming F15 FX507VV LP157W,/products/laptop-gaming-asus-tuf-gaming-f15-fx507vv-lp157w,37.490.000₫,30.490.000₫,Asus
Laptop gaming ASUS ROG Strix G18 G814JIR N6007W,/products/laptop-gaming-asus-rog-strix-g18-g814jir-n6007w,70.990.000₫,60.990.000₫,Asus
Laptop gaming ASUS ROG Strix SCAR 16 G634JZR NM009W,/products/laptop-gaming-asus-rog-strix-scar-16-g634jzr-nm009w,110.000.000₫,98.990.000₫,Asus
Laptop gaming ASUS ROG Strix SCAR 18 G834JYR R6011W,/products/laptop-gaming-asus-rog-strix-scar-18-g834jyr-r6011w,130.000.000₫,117.990.000₫,Asus
Laptop gaming ASUS TUF F15 FX507ZC4 HN074W,/products/laptop-gaming-asus-tuf-f15-fx507zc4-hn074w,25.990.000₫,19.490.000₫,Asus
Laptop gaming ASUS TUF Gaming F15 FX506HF HN078W,/products/laptop-gaming-asus-tuf-gaming-f15-fx506hf-hn078w,20.990.000₫,17.490.000₫,Asus
Laptop gaming ASUS TUF Gaming A16 FA617NS N3486W Advantage Edition,/products/laptop-gaming-asus-tuf-fa617ns-n3486w,32.990.000₫,26.490.000₫,Asus
Laptop gaming ASUS ROG Strix G16 G614JU N3135W,/products/laptop-gaming-asus-rog-strix-g16-g614ju-n3135w,39.990.000₫,30.990.000₫,Asus
Laptop gaming ASUS ROG Strix SCAR 15 G533ZS LN036W,/products/laptop-gaming-asus-rog-strix-scar-15-g533zs-ln036w,80.990.000₫,54.990.000₫,Asus
Laptop gaming ASUS TUF Gaming A15 FA507NV LP046W,/products/laptop-gaming-asus-tuf-gaming-a15-fa507nv-lp046w,33.990.000₫,26.990.000₫,Asus
Laptop gaming ASUS ROG Strix SCAR 18 G834JY N6039W,/products/laptop-gaming-asus-rog-strix-scar-18-g834jy-n6039w,125.000.000₫,101.990.000₫,Asus
Laptop gaming ASUS TUF Gaming F15 FX507ZV4 LP042W,/products/laptop-gaming-asus-tuf-gaming-f15-fx507zv4-lp042w,37.490.000₫,28.990.000₫,Asus
Laptop gaming ASUS TUF Gaming A15 FA507XI LP420W,/products/laptop-gaming-asus-tuf-gaming-a15-fa507xi-lp420w,46.990.000₫,34.990.000₫,Asus
Laptop gaming ASUS ROG Zephyrus M16 GU604VI NM779W,/products/laptop-gaming-asus-rog-zephyrus-m16-gu604vi-nm779w,80.990.000₫,64.990.000₫,Asus
Laptop gaming ASUS ROG Zephyrus Duo 16 GX650PZ NM031W,/products/laptop-gaming-asus-rog-zephyrus-duo-16-gx650pz-nm031w,125.000.000₫,94.990.000₫,Asus
Laptop gaming ASUS ROG Strix SCAR 16 G634JZ N4029W,/products/laptop-gaming-asus-rog-strix-scar-16-g634jz-n4029w,95.000.000₫,82.990.000₫,Asus
Laptop gaming ASUS ROG Strix G18 G814JI N6063W,/products/laptop-gaming-asus-rog-strix-g18-g814ji-n6063w,70.990.000₫,63.490.000₫,Asus
Laptop gaming ASUS ROG Zephyrus G15 GA503RS LN778W,/products/laptop-gaming-asus-rog-zephyrus-g15-ga503rs-ln778w,75.990.000₫,52.990.000₫,Asus
Laptop gaming ASUS ROG Zephyrus G14 GA402NJ L4056W,/products/laptop-gaming-asus-rog-zephyrus-g14-ga402nj-l4056w,0,30.990.000₫,Asus
Laptop gaming ASUS ROG Strix G17 G713RW LL178W,/products/laptop-gaming-asus-rog-strix-g17-g713rw-ll178w,67.990.000₫,43.990.000₫,Asus
Laptop gaming MSI Thin A15 B7UC 026VN,/products/laptop-gaming-msi-thin-a15-b7uc-026vn,20.990.000₫,19.990.000₫,MSI
Laptop gaming MSI Katana A15 AI B8VF 419VN,/products/laptop-gaming-katana-a15-ai-b8vf-419vn,0,30.990.000₫,MSI
Laptop gaming MSI Cyborg 15 A13VFK 876VN,/products/laptop-gaming-msi-cyborg-15-a13vfk-876vn,29.990.000₫,28.990.000₫,MSI
Laptop gaming MSI Thin 15 B13UC 1411VN,/products/laptop-gaming-msi-thin-15-b13uc-1411vn,21.990.000₫,20.990.000₫,MSI
Laptop gaming MSI Thin 15 B12UC 1416VN,/products/laptop-gaming-msi-thin-15-b12uc-1416vn,19.990.000₫,18.990.000₫,MSI
Laptop gaming MSI Thin 15 B12UCX 1419VN,/products/laptop-gaming-msi-thin-15-b12ucx-1419vn,17.990.000₫,16.990.000₫,MSI
Laptop gaming MSI Stealth 18 AI Studio A1VHG 021VN,/products/laptop-gaming-msi-stealth-18-ai-studio-a1vhg-021vn,94.990.000₫,93.990.000₫,MSI
Laptop gaming MSI Sword 16 HX B14VFKG 045VN,/products/laptop-gaming-msi-sword-16-hx-b14vfkg-045vn,0,39.990.000₫,MSI
Laptop gaming MSI Cyborg 15 A12UC 621VN,/products/laptop-gaming-msi-cyborg-15-a12udx-621vn,19.990.000₫,18.490.000₫,MSI
Laptop gaming MSI GF63 12UCX 841VN,/products/laptop-gaming-msi-gf63-12ucx-841vn,17.990.000₫,15.990.000₫,MSI
Laptop gaming MSI GF63 12UC 887VN,/products/laptop-gaming-msi-gf63-12uc-887vn,20.990.000₫,18.990.000₫,MSI
Laptop gaming MSI GF63 Thin 12VE 460VN,/products/laptop-gaming-msi-gf63-thin-12ve-460vn,22.490.000₫,21.490.000₫,MSI
Laptop gaming MSI Vector GP78HX 13VI 476VN,/products/laptop-gaming-msi-vector-gp78hx-13vi-476vn,89.900.000₫,82.990.000₫,MSI
Laptop Gaming MSI Stealth 16 Mercedes AMG A13VG 289VN,/products/laptop-gaming-msi-stealth-16-mercedes-amg-a13vg-289vn,80.990.000₫,69.990.000₫,MSI
Laptop gaming MSI Katana 15 B13VEK 252VN,/products/laptop-gaming-msi-katana-15-b13vek-252vn,33.990.000₫,25.990.000₫,MSI
Laptop gaming MSI Cyborg 15 A12VE 240VN,/products/laptop-gaming-msi-cyborg-15-a12ve-240vn,27.490.000₫,22.490.000₫,MSI
Laptop gaming MSI Cyborg 15 A12VE 412VN,/products/laptop-gaming-msi-cyborg-15-a12ve-412vn,24.990.000₫,21.490.000₫,MSI
Laptop gaming MSI Cyborg 15 A13UC 861VN,/products/laptop-gaming-msi-cyborg-15-a13uc-861vn,21.990.000₫,20.990.000₫,MSI
Laptop Gaming MSI Cyborg 15 A12UCX 281VN,/products/laptop-gaming-msi-cyborg-15-a12ucx-281vn,18.990.000₫,16.990.000₫,MSI
Laptop gaming MSI Titan 18 HX A14VIG 205VN,/products/laptop-gaming-msi-titan-18-hx-a14vig-205vn,0,149.990.000₫,MSI
Laptop gaming MSI Katana 15 B13VFK 676VN,/products/laptop-gaming-msi-katana-15-b13vfk-676vn,37.990.000₫,29.990.000₫,MSI
Laptop gaming MSI Cyborg 15 A12UCX 618VN,/products/laptop-gaming-msi-cyborg-15-a12ucx-618vn,19.900.000₫,17.990.000₫,MSI
Laptop gaming MSI Bravo 15 B7ED 010VN,/products/laptop-gaming-msi-bravo-15-b7ed-010vn,18.490.000₫,16.990.000₫,MSI
Laptop gaming MSI Thin A15 B7UCX 020VN,/products/laptop-gaming-msi-thin-a15-b7ucx-020vn,18.990.000₫,17.990.000₫,MSI
Laptop gaming MSI Thin A15 B7VE 023VN,/products/laptop-gaming-msi-thin-a15-b7ve-023vn,23.990.000₫,22.990.000₫,MSI
Laptop gaming MSI Bravo 15 C7VFK 275VN,/products/laptop-gaming-msi-bravo-15-c7vfk-275vn,28.990.000₫,26.490.000₫,MSI
Laptop gaming MSI Katana A15 AI B8VE 402VN,/products/laptop-gaming-msi-katana-a15-ai-b8ve-402vn,28.990.000₫,26.990.000₫,MSI
Laptop gaming MSI Cyborg 15 AI A1VE 053VN,/products/laptop-gaming-msi-cyborg-15-ai-a1ve-053vn,30.990.000₫,28.490.000₫,MSI
Laptop gaming MSI Sword 16 HX B14VEKG 039VN,/products/laptop-gaming-msi-sword-16-hx-b14vekg-039vn,0,34.990.000₫,MSI
Laptop gaming MSI Stealth 15 A13VF 069VN,/products/laptop-gaming-msi-stealth-15-a13vf-069vn,47.990.000₫,42.990.000₫,MSI
Laptop gaming MSI Sword 16 HX B14VGKG 038VN,/products/laptop-gaming-msi-sword-16-hx-b14vgkg-038vn,0,45.990.000₫,MSI
Laptop gaming MSI Stealth 14 AI Studio A1VFG 050VN,/products/laptop-gaming-msi-stealth-14-ai-studio-a1vfg-050vn,49.990.000₫,47.990.000₫,MSI
Laptop gaming MSI Raider GE68 HX 13VF 050VN,/products/laptop-gaming-msi-raider-ge68-hx-13vf-050vn,62.990.000₫,54.490.000₫,MSI
Laptop gaming MSI GP68HX 13VH 252VN,/products/laptop-gaming-msi-gp68hx-13vh-252vn,61.990.000₫,57.990.000₫,MSI
Laptop gaming MSI Raider GE68 HX 13VG 048VN,/products/laptop-gaming-msi-raider-ge68-hx-13vg-048vn,70.990.000₫,61.990.000₫,MSI
Laptop gaming MSI Stealth 16 AI Studio A1VGG 089VN,/products/laptop-gaming-msi-stealth-16-ai-studio-a1vgg-089vn,64.990.000₫,63.990.000₫,MSI
Laptop MSI Stealth 16 Studio A13VG 057VN,/products/laptop-msi-stealth-16-studio-a13vg-057vn,80.990.000₫,68.990.000₫,MSI
Laptop gaming MSI Stealth GS77 12UHS 250VN,/products/laptop-gaming-msi-stealth-gs77-12uhs-250vn,119.990.000₫,69.990.000₫,MSI
Laptop gaming MSI Raider GE68 HX 14VIG 496VN,/products/laptop-gaming-msi-raider-ge68-hx-14vig-496vn,89.990.000₫,86.990.000₫,MSI
Laptop gaming MSI Raider GE78 HX 13VH 076VN,/products/laptop-gaming-msi-raider-ge78-hx-13vh-076vn,118.990.000₫,104.990.000₫,MSI
Laptop gaming Lenovo Legion 7 16IRX9 83FD006JVN,/products/laptop-gaming-lenovo-legion-7-16irx9-83fd006jvn,66.990.000₫,64.990.000₫,Lenovo
Laptop gaming Lenovo LOQ 15IRX9 83DV00D5VN,/products/laptop-gaming-lenovo-loq-15irx9-83dv00d5vn,31.990.000₫,28.490.000₫,Lenovo
Laptop gaming Lenovo LOQ 15IRX9 83DV00ERVN,/products/laptop-gaming-lenovo-loq-15irx9-83dv00ervn,34.990.000₫,30.990.000₫,Lenovo
Laptop gaming Lenovo LOQ 15IAX9 83GS001RVN,/products/laptop-gaming-lenovo-loq-15iax9-83gs001rvn,22.490.000₫,19.990.000₫,Lenovo
Laptop gaming Lenovo LOQ 15IRH8 82XV00Q4VN,/products/laptop-gaming-lenovo-loq-15irh8-82xv00q4vn,27.990.000₫,22.990.000₫,Lenovo
Laptop gaming Lenovo Legion 5 16IRX9 83DG004YVN,/products/laptop-gaming-lenovo-legion-5-16irx9-83dg004yvn,41.990.000₫,40.990.000₫,Lenovo
Laptop gaming Lenovo Legion 5 16IRX9 83DG004XVN,/products/laptop-gaming-lenovo-legion-5-16irx9-83dg004xvn,40.990.000₫,39.990.000₫,Lenovo
Laptop gaming Lenovo Legion Pro 7 16IRX9H 83DE001NVN,/products/laptop-gaming-lenovo-legion-pro-7-16irx9h-83de001nvn,84.990.000₫,79.990.000₫,Lenovo
Laptop gaming Lenovo Legion Pro 5 16IRX9 83DF0047VN,/products/laptop-gaming-lenovo-legion-pro-5-16irx9-83df0047vn,48.990.000₫,46.990.000₫,Lenovo
Laptop gaming Lenovo Legion Pro 5 16IRX9 83DF0046VN,/products/laptop-gaming-lenovo-legion-pro-5-16irx9-83df0046vn,55.990.000₫,53.990.000₫,Lenovo
Laptop gaming Lenovo Legion Pro 7 16IRX9H 83DE001MVN,/products/laptop-gaming-lenovo-legion-pro-7-16irx9h-83de001mvn,104.990.000₫,102.990.000₫,Lenovo
Laptop gaming Lenovo LOQ 15IAX9 83GS000FVN,/products/laptop-gaming-lenovo-loq-15iax9-83gs000fvn,20.490.000₫,17.990.000₫,Lenovo
Laptop gaming Lenovo LOQ 15IAX9 83GS001SVN,/products/laptop-gaming-lenovo-loq-15iax9-83gs001svn,20.490.000₫,17.990.000₫,Lenovo
Laptop gaming Lenovo LOQ 15IRH8 82XV00QQVN,/products/laptop-gaming-lenovo-loq-15irh8-82xv00qqvn,20.990.000₫,17.990.000₫,Lenovo
Laptop gaming Lenovo Legion Slim 5 16APH8 82Y9002YVN,/products/laptop-gaming-lenovo-legion-slim-5-16aph8-82y9002yvn,38.990.000₫,37.990.000₫,Lenovo
Laptop gaming Lenovo Legion 9 16IRX8 83AG0047VN,/products/laptop-gaming-lenovo-legion-9-16irx8-83ag0047vn,136.000.000₫,129.990.000₫,Lenovo
Laptop gaming Dell G15 5530 i7H165W11GR4060,/products/laptop-gaming-dell-g15-5530-i7h165w11gr4060,42.990.000₫,37.790.000₫,Dell
Laptop gaming Dell Alienware M15 R7 I7H165W11GR3050Ti,/products/laptop-gaming-dell-alienware-m15-r7-i7h165w11gr3050ti,39.000.000₫,37.990.000₫,Dell
Laptop gaming Dell G15 5530 i7H165W11GR4050,/products/laptop-gaming-dell-g15-5530-i7h165w11gr4050,41.190.000₫,37.990.000₫,Dell
Laptop gaming Dell Alienware M15 R6 P109F001CBL,/products/laptop-gaming-dell-alienware-m15-r6-p109f001cbl,64.990.000₫,44.990.000₫,Dell
Laptop gaming Gigabyte G6 KF H3VN853SH,/products/laptop-gaming-gigabyte-g6-kf-h3vn853sh,29.990.000₫,27.490.000₫,Gigabyte
Laptop gaming Gigabyte G5 MF5 52VN353SH,/products/laptop-gaming-gigabyte-g5-mf5-52vn353sh,25.790.000₫,21.990.000₫,Gigabyte
Laptop gaming Gigabyte G5 MF5 H2VN353SH,/products/laptop-gaming-gigabyte-g5-mf5-h2vn353sh,27.990.000₫,23.990.000₫,Gigabyte
Laptop gaming Gigabyte G5 KF E3VN333SH,/products/laptop-gaming-gigabyte-g5-kf-e3vn333sh,28.990.000₫,23.990.000₫,Gigabyte
Laptop gaming Gigabyte G5 MF F2PH333SH,/products/laptop-gaming-gigabyte-g5-mf-f2ph333sh,25.290.000₫,20.990.000₫,Gigabyte
Laptop gaming Gigabyte G5 MF F2VN333SH,/products/laptop-gaming-gigabyte-g5-mf-f2vn333sh,25.290.000₫,19.990.000₫,Gigabyte
Laptop gaming Gigabyte G5 KF E3PH333SH,/products/laptop-gaming-gigabyte-g5-kf-e3ph333sh,28.990.000₫,22.990.000₫,Gigabyte
Laptop Gaming Gigabyte AORUS 15 XE4 73VNB14GH,/products/laptop-gaming-gigabyte-aorus-15-xe4-73vnb14gh,57.990.000₫,35.990.000₫,Gigabyte
Laptop gaming Gigabyte AORUS 15 BKF 73VN754SH,/products/laptop-gaming-gigabyte-aorus-15-bkf-73vn754sh,42.990.000₫,37.990.000₫,Gigabyte
Laptop gaming Gigabyte AORUS 5 KE4 72VN314SH,/products/laptop-gaming-gigabyte-aorus-5-ke4-72vn314sh,45.990.000₫,32.990.000₫,Gigabyte
Laptop gaming Gigabyte AORUS 17 BKF 73VN254SH,/products/laptop-gaming-gigabyte-aorus-17-bkf-73vn254sh,45.990.000₫,38.990.000₫,Gigabyte
Laptop gaming Gigabyte G5 MF E2VN333SH,/products/laptop-gaming-gigabyte-g5-mf-e2vn333sh,26.990.000₫,21.990.000₫,Gigabyte
Laptop gaming Gigabyte G5 KF E3VN313SH,/products/laptop-gaming-gigabyte-g5-kf-e3vn313sh,29.990.000₫,23.290.000₫,Gigabyte
Laptop gaming Gigabyte AORUS 15 9MF E2VN583SH,/products/laptop-gaming-gigabyte-aorus-15-9mf-e2vn583sh,37.990.000₫,27.490.000₫,Gigabyte
Laptop gaming Gigabyte G7 KE 52VN263SH,/products/laptop-gaming-gigabyte-g7-ke-52vn263sh,29.790.000₫,27.490.000₫,Gigabyte
Laptop gaming HP VICTUS 16-r0129TX 8C5N4PA,/products/laptop-gaming-hp-victus-16-r0129tx-8c5n4pa,32.690.000₫,28.990.000₫,HP
Laptop gaming HP VICTUS 16-s0078AX 8C5N7PA,/products/laptop-gaming-hp-victus-16-s0078ax-8c5n7pa,27.390.000₫,23.990.000₫,HP
Laptop gaming HP VICTUS 15-fb1022AX 94F19PA,/products/laptop-gaming-hp-victus-15-fb1022ax-94f19pa,25.490.000₫,19.990.000₫,HP
Laptop gaming HP OMEN 16 wf0129TX 8W943PA,/products/laptop-gaming-hp-omen-16-wf0129tx-8w943pa,69.990.000₫,64.990.000₫,HP
