Product,Product img,Product Url,Price,Old Price,Specs
HP 245 G10 R5-7520U (9H8X8PT),https://images.fpt.shop/unsafe/fit-in/240x215/filters:quality(90):fill(white)/fptshop.com.vn/Uploads/Originals/2023/8/22/638283012469903137_hp-245-g10-bac-dd.jpg,https://fptshop.com.vn/may-tinh-xach-tay/hp-245-g10-r5-7520u-9h8x8pt,10.790.000 ₫,13.290.000 ₫,14 inchRyzen 58 GB (1 thanh 8 GB)SSD 256 GB1.36 kg
Asus Vivobook E1404FA-NK186W R5 7520U,https://images.fpt.shop/unsafe/fit-in/240x215/filters:quality(90):fill(white)/fptshop.com.vn/Uploads/Originals/2023/4/19/638175171985162982_asus-vivobook-e1404fa-nk186w-r5-7520u-den-dd-moi.jpg,https://fptshop.com.vn/may-tinh-xach-tay/asus-vivobook-e1404fa-nk186w-r5-7520u,12.490.000 ₫,14.990.000 ₫,AMD Radeon Graphics14.0 inchRyzen 516 GBSSD 512 GB1.3 kg
Lenovo Gaming LOQ - 15IAX9 i5 12450HX  (83GS000GVN),https://images.fpt.shop/unsafe/fit-in/240x215/filters:quality(90):fill(white)/fptshop.com.vn/Uploads/Originals/2024/2/15/638435905526202438_lenovo-gaming-loq-15iax-9-i5-12450hx-led-trang-dd.jpg,https://fptshop.com.vn/may-tinh-xach-tay/lenovo-gaming-loq-15iax-9-i5-12450hx,19.290.000 ₫,21.490.000 ₫,NVIDIA GeForce RTX 2050 4GB GDDR615.6 inchCore i516 GB (2 thanh 8 GB)SSD 512 GB2.38 kg
HP 14s-em0086AU R5 7520U (835T9PA),,https://fptshop.com.vn/may-tinh-xach-tay/hp-14s-em0086au-r5-7520u,13.690.000 ₫,15.190.000 ₫,AMD Radeon Graphics14 inchRyzen 516 GBSSD 512 GB1.4 kg
MSI Modern 14 C7M-221VN R7 7730U,,https://fptshop.com.vn/may-tinh-xach-tay/msiI-modern-14-c7m-221vn-r7-7730u,11.490.000 ₫,14.490.000 ₫,none
Acer Aspire 3 A315-44P-R5QG R7-5700U,,https://fptshop.com.vn/may-tinh-xach-tay/acer-aspire-3-a315-44p-r5qg-r7-5700u,12.990.000 ₫,14.990.000 ₫,AMD Radeon Graphics15.6 inchRyzen 716 GBSSD 512 GB1.7 kg
HP Pavilion Aero 13-be2098AU R7 7735U (8C5K5PA),,https://fptshop.com.vn/may-tinh-xach-tay/hp-pavilion-aero-13-be2098au-r7-7735u,19.690.000 ₫,21.990.000 ₫,AMD Radeon Graphics13.3 inchRyzen 716 GB (1 thanh 16 GB)SSD 512 GB1 kg
Asus TUF Gaming FX507ZC4-HN095W i5 12500H,,https://fptshop.com.vn/may-tinh-xach-tay/asus-tuf-gaming-fx507zc4-hn095w-i5-12500h,20.990.000 ₫,24.990.000 ₫,NVIDIA GeForce RTX 3050 4GB15.6 inchCore i516 GB (2 thanh 8 GB)SSD 512 GB2.2 kg
Lenovo Ideapad 3 15IAU7 i7 1255U (82RK00W4VN),,https://fptshop.com.vn/may-tinh-xach-tay/lenovo-ideapad-3-15iau7-i7-1255u,14.990.000 ₫,17.490.000 ₫,Intel Iris Xe Graphics15.6 inchCore i716 GBSSD 512 GB1.63 kg
MSI Modern 14 C7M-220VN R5 7530U,,https://fptshop.com.vn/may-tinh-xach-tay/msi-modern-14-c7m-220vn-r5-7530u,9.490.000 ₫,11.990.000 ₫,AMD Radeon Graphics14.0 inchRyzen 58 GBSSD 512 GB1.4 kg
Asus TUF Gaming FX506HF-HN017W i5 11400H,,https://fptshop.com.vn/may-tinh-xach-tay/asus-tuf-gaming-fx506hf-hn017w-i5-11400h,17.490.000 ₫,19.990.000 ₫,NVIDIA GeForce RTX 2050 4GB15.6 inchCore i516 GB (2 thanh 8 GB)SSD 512 GB2.3 kg
Dell Inspiron 15 N3530 i5 1335U (N5I5489W1),,https://fptshop.com.vn/may-tinh-xach-tay/dell-inspiron-15-n3530-i5-1335u,20.290.000 ₫,22.090.000 ₫,NVIDIA GeForce MX550 2GB15.6 inchCore i516 GB (2 thanh 8 GB)SSD 512 GB1.66 kg
Asus Vivobook X1404ZA-NK387W i3 1215U,,https://fptshop.com.vn/may-tinh-xach-tay/asus-vivobook-x1404za-nk387w-i3-1215u,9.990.000 ₫,11.990.000 ₫,Intel UHD Graphics14 inchCore i38 GB (1 thanh 8 GB)SSD 512 GB1.4 kg
Lenovo IdeaPad 3 14IAH8 i5 12450H (83EQ0005VN),,https://fptshop.com.vn/may-tinh-xach-tay/lenovo-ideapad-3-14iah8-i5-12450h,13.490.000 ₫,15.490.000 ₫,Intel UHD Graphics14.0 inchCore i516 GB (2 thanh 8 GB)SSD 512 GB1.37 kg
MSI Gaming Thin GF63 12VE-454VN i5 12450H,,https://fptshop.com.vn/may-tinh-xach-tay/msi-gaming-thin-gf63-12ve-454vn-i5-12450h,22.490.000 ₫,22.990.000 ₫,NVIDIA GeForce RTX 4050 6GB GDDR615.6 inchCore i516 GBSSD 512 GB1.86 kg
Dell Inspiron 15 N3520 i5 1235U_N5I5011W1,,https://fptshop.com.vn/may-tinh-xach-tay/laptop-dell-inspiron-15-n3520-i5-1235u1-n5i5011w1,16.490.000 ₫,16.990.000 ₫,Intel Iris Xe Graphics15.6 inchCore i516 GBSSD 512 GB1.9 kg
Asus Vivobook 15 OLED A1505VA-L1113W i5 13500H,,https://fptshop.com.vn/may-tinh-xach-tay/asus-vivobook-a1505va-l1113w-i5-13500h,17.990.000 ₫,19.990.000 ₫,Intel UHD Graphics15.6 inchCore i516 GBSSD 512 GB1.7 kg
HP 245 G10 R5 7520U (8F154PA),,https://fptshop.com.vn/may-tinh-xach-tay/hp-245-g10-r5-7520u,10.790.000 ₫,13.290.000 ₫,none
Acer Aspire 7 Gaming A715-76-57CY i5 12450H (NH.QGESV.004),,https://fptshop.com.vn/may-tinh-xach-tay/acer-aspire-7-gaming-a715-76-57cy-i5-12450h,12.990.000 ₫,16.990.000 ₫,Intel UHD Graphics15.6 inchCore i58 GBSSD 512 GB2.1 kg
HP Pavilion 14-dv2073TU i5 1235U (7C0P2PA),,https://fptshop.com.vn/may-tinh-xach-tay/hp-pavilion-14-dv2073tu-i5-1235u,18.090.000 ₫,20.990.000 ₫,none
Asus Vivobook X1504VA-NJ526W i5 1335U,,https://fptshop.com.vn/may-tinh-xach-tay/asus-vivobook-x1504va-nj526w-i5-1335u,15.990.000 ₫,18.990.000 ₫,Intel Iris Xe Graphics15.6 inchCore i516 GB (2 thanh 8 GB)SSD 512 GB1.7 kg
Lenovo IdeaPad 1 15ALC7 R5 5500U (82R400BYVN),,https://fptshop.com.vn/may-tinh-xach-tay/lenovo-ideapad-1-15alc7-r5-5500u,10.490.000 ₫,12.990.000 ₫,AMD Radeon Graphics15.6 inchRyzen 516 GB (2 thanh 8 GB)SSD 512 GB1.58 kg
Laptop HP 15s-fq5144TU i7-1255U,,https://fptshop.com.vn/may-tinh-xach-tay/hp-15s-fq5144tu-i7-1255u,18.490.000 ₫,22.890.000 ₫,Intel Iris Xe Graphics15.6 inchCore i716 GB (2 thanh 8 GB)SSD 512 GB1.69 g
Asus Vivobook M3504YA-L1268W R5 7530U,,https://fptshop.com.vn/may-tinh-xach-tay/asus-vivobook-m3504ya-l128w-r5-7530u,14.990.000 ₫,18.990.000 ₫,Intel Iris Xe Graphics15.6 inchRyzen 516 GB (2 thanh 8 GB)SSD 512 GB1.70 kg
HP 14s-em0078AU R5 7520U (80R28PA),,https://fptshop.com.vn/may-tinh-xach-tay/hp-14s-em0078au-r5-7520u,12.590.000 ₫,14.190.000 ₫,AMD Radeon Graphics14 inchRyzen 58 GB (1 thanh 8 GB)SSD 512 GB1.4 kg
Huawei MateBook D15 R7 5700U,,https://fptshop.com.vn/may-tinh-xach-tay/huawei-bom-wfp9i-matebook-d15-r7-5700u,11.290.000 ₫,13.990.000 ₫,AMD Radeon Graphics15.6 inchRyzen 78 GB (1 thanh 8 GB)SSD 512 GB1.53 kg
Asus Vivobook Flip TN3402YA-LZ188W R5 7530U,,https://fptshop.com.vn/may-tinh-xach-tay/asus-vivobook-flip-tn3402ya-lz188w-r5-7530u,14.990.000 ₫,17.490.000 ₫,AMD Radeon Graphics14.0 inchRyzen 516 GBSSD 512 GB1.5 kg
HP Pavilion 14-dv2071TU i7 1255U (7C0W0PA),,https://fptshop.com.vn/may-tinh-xach-tay/hp-pavilion-14-dv2071tu-i7-1255u,20.990.000 ₫,25.190.000 ₫,none
MSI Gaming GF63 Thin 11UC-1228VN i7 11800H,,https://fptshop.com.vn/may-tinh-xach-tay/msi-gaming-gf63-thin-11uc-1228vn-i7-11800h,17.990.000 ₫,20.490.000 ₫,"NVIDIA GeForce RTX 3050 4GB15,6 inchCore i78 GBSSD 512 GB1.86 g"
HP Pavilion 14-dv2075TU i5 1235U (7C0W2PA),,https://fptshop.com.vn/may-tinh-xach-tay/hp-pavilion-14-dv2075tu-i5-1235u,16.590.000 ₫,19.690.000 ₫,Intel Iris Xe Graphics14.0 inchCore i58 GB (2 thanh 4 GB)SSD 512 GB1.41 kg
Masstel E140 Celeron N4120 Win 10,,https://fptshop.com.vn/may-tinh-xach-tay/masstel-e140-celeron-n4120,3.590.000 ₫,7.990.000 ₫,Intel UHD Graphics14.0 inchCeleron4 GBSSD 128 GB1.39 kg
Dell Vostro V3520 i5 1235U_71030559,,https://fptshop.com.vn/may-tinh-xach-tay/dell-vostro-v3520-i5-1235u,16.490.000 ₫,16.990.000 ₫,Intel Iris Xe Graphics15.6 inchCore i516 GBSSD 512 GB1.9 kg
Asus Vivobook 16 X1605ZA-MB193W i3 1215U,,https://fptshop.com.vn/may-tinh-xach-tay/asus-vivobook-16-x1605za-mb193w-i3-1215u,10.190.000 ₫,12.290.000 ₫,Intel UHD Graphics16.0 inchCore i38 GBSSD 512 GB1.68 kg
Acer Aspire 3 A315-510P-34XZ i3 N305,,https://fptshop.com.vn/may-tinh-xach-tay/acer-aspire-3-a315-510p-34xz-i3-n305,9.290.000 ₫,10.990.000 ₫,Intel UHD Graphics15.6 inchCore i38 GBSSD 512 GB1.7 kg
Asus Vivobook A1405VA-KM257W i5 13500H,,https://fptshop.com.vn/may-tinh-xach-tay/asus-vivobook-a1405va-km257w-i5-13500h,17.790.000 ₫,19.790.000 ₫,none
Dell Inspiron 15 N3530 i7 1355U (N3530I716W1),,https://fptshop.com.vn/may-tinh-xach-tay/dell-inspiron-15-n3530-i7-1355u-mx550,24.490.000 ₫,25.490.000 ₫,NVIDIA GeForce MX550 2GB15.6 inchCore i716 GB (2 thanh 8 GB)SSD 512 GB1.65 
MSI Gaming GF63 12UCX-841VN i5 12450H,,https://fptshop.com.vn/may-tinh-xach-tay/msi-gaming-gf63-12ucx-841vn-i5-12450h,15.990.000 ₫,17.990.000 ₫,NVIDA Geforce RTX 2050 4GB15.6 inchCore i58 GBSSD 512 GB1.86 kg
Acer Aspire 7 Gaming A715-76G-5806 i5 12450H (NH.QMFSV.002),,https://fptshop.com.vn/may-tinh-xach-tay/acer-aspire-7-gaming-a715-76g-5806-i5-12450h,19.990.000 ₫,22.990.000 ₫,NVIDIA GeForce RTX 3050 4GB15.6  Chính: inchCore i516 GB (2 thanh 8 GB)SSD 512 GB2.1 kg
Laptop Acer Aspire Lite AL15-51M-55NB i5-1155G7,,https://fptshop.com.vn/may-tinh-xach-tay/acer-aspire-lite-al15-51m-55nb-i5-1155g7,11.490.000 ₫,12.990.000 ₫,Intel Iris Xe Graphics15.6 inchCore i58 GBSSD 512 GB1.7 kg
Gigabyte Gaming G5 MF-F2VN313SH i5 12450H,,https://fptshop.com.vn/may-tinh-xach-tay/gigabyte-gaming-g5-mf-f2vn313sh-i5-12450h,20.490.000 ₫,23.290.000 ₫,NVIDIA GeForce RTX 4050 6GB GDDR615.6 inchCore i516 GB (2 thanh 8 GB)SSD 512 GB1.9 kg
Asus Vivobook A1405VA-KM059W i5 13500H,,https://fptshop.com.vn/may-tinh-xach-tay/asus-vivobook-a1405va-km059w-i5-13500h,15.990.000 ₫,20.490.000 ₫,Intel UHD Graphics14 inchCore i58 GB (1 thanh 8 GB)SSD 512 GB1.6 kg
Asus TUF Gaming FA507NU-LP045W R7 7735HS,,https://fptshop.com.vn/may-tinh-xach-tay/asus-tuf-gaming-fa507nu-lp045w-r7-7735hs,24.990.000 ₫,27.990.000 ₫,NVIDIA GeForce RTX 4050 6GB GDDR615.6 inchRyzen 716 GB (2 thanh 8 GB)SSD 512 GB2.2 kg
Asus Vivobook Pro K3405VC-KM070W i9 13900H,,https://fptshop.com.vn/may-tinh-xach-tay/asus-vivobook-pro-k3405vc-km070w-i9-13900h,26.490.000 ₫,33.990.000 ₫,NVIDIA GeForce RTX 3050 4GB14.0 inchCore i916 GB (2 thanh 8 GB)SSD 512 GB1400 g
Lenovo IdeaPad Slim 5 Light 14ABR8 R5 7530U (82XS0006VN),,https://fptshop.com.vn/may-tinh-xach-tay/lenovo-ideapad-slim-5-light-14abr8-r5-7530u,12.190.000 ₫,16.990.000 ₫,AMD Radeon Graphics14 inchRyzen 58 GB (1 thanh 8 GB)SSD 512 GB1.17 kg
Asus TUF Gaming FX506HC-HN144W i5 11400H,,https://fptshop.com.vn/may-tinh-xach-tay/asus-tuf-gaming-fx506hc-hn144w-i5-11400h,17.490.000 ₫,21.990.000 ₫,NVIDIA GeForce RTX 3050 4GB15.6 inchCore i58 GB (1 thanh 8 GB)SSD 512 GB2.3 kg
HP 15-fd0083TU i7 1355U (8D736PA),,https://fptshop.com.vn/may-tinh-xach-tay/hp-15-fd0083tu-i7-1355u,19.890.000 ₫,22.490.000 ₫,Intel UHD Graphics15.6 inchCore i716 GBSSD 512 GB1.59 kg
Lenovo IdeaPad Slim 5 16IAH8 i5 12450H (83BG001XVN),,https://fptshop.com.vn/may-tinh-xach-tay/lenovo-ideapad-slim-5-16iah8-i5-12450h,15.690.000 ₫,17.490.000 ₫,Intel UHD Graphics16 inchCore i516 GB (2 thanh 8 GB)SSD 512 GB1.89 kg
HP Pavilion 15-eg3112TU i7 1355U (8U6L9PA),,https://fptshop.com.vn/may-tinh-xach-tay/hp-pavilion-15-eg3112tu-i7-1355u,22.790.000 ₫,25.290.000 ₫,Intel UHD Graphics15.6 inchCore i716 GB (2 thanh 8 GB)SSD 512 GB1.68 kg
Acer Gaming Aspire 5 A515-58GM-53CM i5 13420H,,https://fptshop.com.vn/may-tinh-xach-tay/acer-gaming-aspire-5-a515-58g-53cm-i5-13420h,18.990.000 ₫,22.990.000 ₫,NVIDA Geforce RTX 2050 4GB15.6 inchCore i532 GBSSD 512 GB1.7 kg
Lenovo ThinkBook 14 G6 IRL i5-13500H (21KG00BXVN),,https://fptshop.com.vn/may-tinh-xach-tay/lenovo-thinkbook-14-g6-irl-i5-13500h,17.990.000 ₫,20.890.000 ₫,Intel Iris Xe Graphics14 inchCore i516 GB (2 thanh 8 GB)SSD 512 GB1.38 kg
MSI Gaming GF63 Thin 12UC-1006VN i5 12450H,,https://fptshop.com.vn/may-tinh-xach-tay/msi-gaming-gf63-thin-12uc-1006vn-i5-12450h,18.490.000 ₫,19.990.000 ₫,NVIDIA GeForce RTX 3050 4GB15.6 inchCore i516 GBSSD 512 GB1.86 kg
MSI Gaming Alpha 15 B5EEK-203VN R5 5600H,,https://fptshop.com.vn/may-tinh-xach-tay/msi-gaming-alpha-15-b5eek-203vn-r5-5600h,16.990.000 ₫,26.990.000 ₫,AMD Radeon RX 6600M 8GB15.6 inchRyzen 58 GB (1 thanh 8 GB)SSD 512 GB2.35 kg
MSI Modern 15 B12MO-628VN i5 1235U,,https://fptshop.com.vn/may-tinh-xach-tay/msi-modern-15-b12mo-628vn-i5-1235u,13.490.000 ₫,14.490.000 ₫,Intel Iris Xe Graphics15.6 inchCore i516 GBSSD 512 GB1.7 kg
"Máy tính xách tay MSI Summit E14Evo A12M-211VN i7-1280P/16GB/512GB/14""FHD/Win11_Túi_Chuột_Đen",,https://fptshop.com.vn/may-tinh-xach-tay/msi-summit-e14-evo-a12m-211vn-i7-1280p,23.990.000 ₫,25.990.000 ₫,Intel Iris Xe Graphics14.0 inchCore i716 GBSSD 512 GB1.6 kg
Máy tính xách tay MSI Gaming Raider GE77HX 12UHS-229VN i9-12900HX/64G/2T/17.3UHD/RTX3080Ti_16G/Win11,,https://fptshop.com.vn/may-tinh-xach-tay/msi-gaming-raider-ge77hx-12uhs-229vn-i9-12900hx,89.990.000 ₫,126.990.000 ₫,none
MSI Gaming Vector GP78HX 13VI-476VN i9-13980HX,,https://fptshop.com.vn/may-tinh-xach-tay/msi-gaming-vector-gp78hx-13vi-476vn-i9-13980hx,89.490.000 ₫,89.990.000 ₫,NVIDIA GeForce RTX 4090 16GB17 inchCore i932 GB (2 thanh 16 GB)SSD 2 TB3 kg
MSI Gaming Raider GE68 HX 14VIG-496VN i9-14900HX,,https://fptshop.com.vn/may-tinh-xach-tay/msi-gaming-raider-ge68-hx-14vig-496vn-i9-14900hx,89.490.000 ₫,89.990.000 ₫,NVIDIA GeForce RTX 4090 16GB16 inchCore i932 GB (2 thanh 16 GB)SSD 2 TB2.75 kg
Asus Gaming ROG Zephyrus M16 GU604VI-NM779W i9-13900H,,https://fptshop.com.vn/may-tinh-xach-tay/asus-gaming-rog-zephyrus-m16-gu604vi-nm779w-i9-13900h,71.990.000 ₫,77.990.000 ₫,Nvidia GeForce RTX 4070 8GB16 inchCore i932 GB (2 thanh 16 GB)SSD 1 TB2.1 kg
MSI Gaming Stealth 16 AI Studio A1VGG-089VN Ultra 9 185H,,https://fptshop.com.vn/may-tinh-xach-tay/msi-gaming-stealth-16-ai-studio-a1vgg-089vn-ultra-9-185h,64.490.000 ₫,64.990.000 ₫,NVIDIA Geforce RTX 4070 8GB GDDR616 inchCore Ultra 932 GB (2 thanh 16 GB)SSD 2 TB1.99 kg
Asus Gaming ROG Zephyrus G16 GU605MV-QR135W Ultra 9-185H,,https://fptshop.com.vn/may-tinh-xach-tay/asus-gaming-rog-zephyrus-g16-gu605mv-qr135w-ultra-9-185h,64.490.000 ₫,67.990.000 ₫,Nvidia GeForce RTX 4060 6GB16 inchCore Ultra 932 GB (2 thanh 16 GB)SSD 1 TB1.85 kg
Asus Gaming ROG Zephyrus G16 GU605MV-QR196W U9-185H,,https://fptshop.com.vn/may-tinh-xach-tay/asus-gaming-rog-zephyrus-g16-gu605mv-qr196w-u9-185h,62.990.000 ₫,67.990.000 ₫,NVIDIA GeForce RTX 4060 8GB16 inchUltra 932 GB (2 thanh 16 GB)SSD 1 TB1.85 kg
MSI Gaming Vector GP68 HX 13VH-252VN i9-13950HX,,https://fptshop.com.vn/may-tinh-xach-tay/msi-gaming-vector-gp68-hx-13vh-252vn-i9-13950hx,61.490.000 ₫,61.990.000 ₫,Nvidia GeForce RTX 4080 12GB16 inchCore i916 GB (2 thanh 8 GB)SSD 1 TB2.67 kg
MacBook Pro 14 2023 M3 Pro 11 CPU/14GPU/36GB/512GB,,https://fptshop.com.vn/may-tinh-xach-tay/macbook-pro-14-2023-m3-pro-11-cpu-14-gpu-36gb-512gb,59.990.000 ₫,none,14.2 inchM3 Pro36 GBSSD 512 GB1.61 kg
MacBook Pro 14 2023 M3 Pro 12 CPU/18 GPU/18GB/1TB,,https://fptshop.com.vn/may-tinh-xach-tay/macbook-pro-14-2023-m3-pro-12-cpu-18-gpu-18gb-1tb,59.490.000 ₫,59.990.000 ₫,14.2 inchM3 Pro18 GBSSD 1 TB1.61 kg
Asus Gaming ROG Zephyrus G14 GA403UV-QS171W R9-8945HS,,https://fptshop.com.vn/may-tinh-xach-tay/asus-gaming-rog-zephyrus-g14-ga403uv-qs171w-r9-8945hs,54.990.000 ₫,58.990.000 ₫,NVIDIA GeForce RTX 4060 8GB14 inchRyzen 932 GB (2 thanh 16 GB)SSD 1 TB1.5 kg
MacBook Pro 14 2023 M3 Pro 11 CPU/14 GPU/18GB/512GB,,https://fptshop.com.vn/may-tinh-xach-tay/macbook-pro-14-2023-m3-pro-11-cpu-14-gpu-18gb-512gb,49.490.000 ₫,49.990.000 ₫,14.2 inchM3 Pro18 GBSSD 512 GB1.61 kg
Asus Zenbook 14 Duo OLED UX8406MA-PZ307W U7-155H,,https://fptshop.com.vn/may-tinh-xach-tay/asus-zenbook-14-duo-oled-ux8406ma-pz307w-ultra-7-155h,48.990.000 ₫,49.990.000 ₫,14 inchCore Ultra 716 GB (1 thanh 16 GB)SSD 512 GB1.65 kg
MSI Gaming Sword 16 HX B14VGKG-038VN i7-14700HX,,https://fptshop.com.vn/may-tinh-xach-tay/msi-gaming-sword-16-hx-b14vgkg-038vn-i7-14700hx,45.490.000 ₫,45.990.000 ₫,NVIDIA Geforce RTX 4070 8GB GDDR616 inchCore i716 GB (2 thanh 8 GB)SSD 1 TB2.3 kg
MacBook Pro 14 2023 M3 8 CPU/10 GPU/16GB/512GB,,https://fptshop.com.vn/may-tinh-xach-tay/macbook-pro-14-2023-m3-8-cpu-10-gpu-16gb-512gb,44.990.000 ₫,none,14.2 inchM316 GBSSD 512 GB1.61 kg
Lenovo Gaming Legion 5 16IRX9 i7-14650HX (83DG004YVN),,https://fptshop.com.vn/may-tinh-xach-tay/lenovo-gaming-legion-5-16irx9-i7-14650hx,41.990.000 ₫,42.990.000 ₫,NVIDIA GeForce RTX 4060 8GB GDDR616 inchCore i716 GB (1 thanh 16 GB)SSD 512 GB2.3 kg
"Máy tính xách tay MSI Gaming Katana 15 B13VGK-1211VN i7-13620H/16G/1T/15.6""FHD/RTX4070_8G/Win11_Balo",,https://fptshop.com.vn/may-tinh-xach-tay/msi-gaming-katana-15-b13vgk-1211vn-i7-13620h,39.990.000 ₫,41.990.000 ₫,NVIDIA Geforce RTX 4070 8GB GDDR615.6 inchCore i716 GB (2 thanh 8 GB)SSD 1 TB2.29 kg
MSI Creator M16 B13VE-830VN i7 13700H,,https://fptshop.com.vn/may-tinh-xach-tay/msi-creator-m16-b13ve-830vn-i7-13700h,38.490.000 ₫,39.990.000 ₫,NVIDIA GeForce RTX 4050 6GB GDDR616.0 inchCore i716 GBSSD 512 GB2.26 kg
MacBook Pro 14 2023 M3 8 CPU/10 GPU/8GB/512GB,,https://fptshop.com.vn/may-tinh-xach-tay/macbook-pro-14-2023-m3-8-cpu-10-gpu-8gb?dung-luong=512gb,38.490.000 ₫,39.990.000 ₫,14.2 inchM38 GBSSD 512 GB1.55 kg
MSI Gaming Sword 16 HX B14VFKG-045VN i7-14700HX,,https://fptshop.com.vn/may-tinh-xach-tay/msi-gaming-sword-16-hx-b14vfkg-045vn-i7-14700hx,37.990.000 ₫,39.990.000 ₫,NVIDIA GeForce RTX 4060 8GB16 inchCore i716 GB (2 thanh 8 GB)SSD 1 TB2.3 kg
Asus Zenbook 14 OLED UX3405MA-PP475W U9-185H,,https://fptshop.com.vn/may-tinh-xach-tay/asus-zenbook-14-oled-ux3405ma-pp475w-intel-core-ultra-u9-185h,34.990.000 ₫,36.990.000 ₫,Intel Arc Graphics14 inchUltra 932 GB (1 thanh 32 GB)SSD 1 TB1.2 kg
Acer Swift Edge SFA16-41-R3L6 R7 6800U (NX.KABSV.002),,https://fptshop.com.vn/may-tinh-xach-tay/acer-swift-edge-sfa16-41-r3l6-r7-6800u,34.990.000 ₫,39.990.000 ₫,AMD Radeon Graphics16.0  Chính: inchRyzen 716 GB (1 thanh 16 GB)SSD 1 TB1.1 kg
Asus Zenbook 14 OLED UX3405MA-PP152W Core Ultra 7-155H,,https://fptshop.com.vn/may-tinh-xach-tay/asus-zenbook-14-oled-ux3405ma-pp152w-ultra-7-155h,32.990.000 ₫,34.990.000 ₫,14 inchCore Ultra 732 GBSSD 1 TB1.2 kg
Macbook Air M3 13 2024 8CPU 10GPU/8GB/512GB,,https://fptshop.com.vn/may-tinh-xach-tay/macbook-air-m3-13-2024-8cpu-10gpu-8gb-512gb,32.990.000 ₫,none,13.6 inchM38 GB (1 thanh 8 GB)SSD 512 GB1.24 kg
Macbook Air M3 13 2024 8CPU 10GPU/16GB/256GB,,https://fptshop.com.vn/may-tinh-xach-tay/macbook-air-m3-13-2024-8cpu-10gpu-16gb?dung-luong=256gb,32.990.000 ₫,none,13.6 inchM316 GB (1 thanh 16 GB)SSD 256 GB1.24 kg
Laptop Asus TUF Gaming FX507VV-LP181W i7-13620H,,https://fptshop.com.vn/may-tinh-xach-tay/asus-tuf-gaming-fx507vv-lp181w-i7-13620h,32.490.000 ₫,36.990.000 ₫,NVIDIA GeForce RTX 4060 8GB GDDR615.6 inchCore i732 GB (2 thanh 16 GB)SSD 512 GB2.2 kg
MacBook Air 15 M2 2023 8CPU 10GPU/8GB/512GB/Sạc 70W,,https://fptshop.com.vn/may-tinh-xach-tay/macbook-air-15-m2-2023-8cpu-10gpu-8gb-512gb-sac-70w,31.990.000 ₫,37.890.000 ₫,Apple M215.3 inchM28 GBSSD 512 GB1.51 kg
Lenovo Gaming LOQ 15IRX9 i7-13650HX (83DV0092VN),,https://fptshop.com.vn/may-tinh-xach-tay/lenovo-gaming-loq-15irx9-i7-13650hx?card-do-hoa=rtx4060-8gb,31.890.000 ₫,33.990.000 ₫,NVIDIA GeForce RTX 4060 8GB GDDR615.6 inchCore i716 GB (1 thanh 16 GB)SSD 512 GB2.38 kg
Macbook Air M3 15 2024 8CPU 10GPU/8GB/256GB,,https://fptshop.com.vn/may-tinh-xach-tay/macbook-air-m3-15-2024-8cpu-10gpu-8gb?dung-luong=256gb,31.490.000 ₫,32.990.000 ₫,15.3 inchM38 GB (1 thanh 8 GB)SSD 256 GB1.51 kg
Asus TUF Gaming F15 FX507VU-LP197W i7-13620H,,https://fptshop.com.vn/may-tinh-xach-tay/asus-tuf-gaming-f15-fx507vu-lp197w-i7-13620h,30.990.000 ₫,33.990.000 ₫,15.6 inchCore i732 GB (2 thanh 16 GB)SSD 512 GB2.2 kg
MSI Gaming Katana A15 AI B8VF-419VN R7-8845HS,,https://fptshop.com.vn/may-tinh-xach-tay/msi-gaming-katana-a15-ai-b8vf-419vn-r7-8845hs,30.490.000 ₫,30.990.000 ₫,NVIDIA GeForce RTX 4060 8GB15.6 inchRyzen 716 GB (2 thanh 8 GB)SSD 512 GB2.25 kg
MSI Gaming Katana 15 B13VFK-676VN i7 13620H,,https://fptshop.com.vn/may-tinh-xach-tay/msi-gaming-katana-15-b13vfk-676vn-i7-13620h,29.990.000 ₫,31.990.000 ₫,NVIDIA GeForce RTX 4060 8GB GDDR615.6 inchCore i716 GB (2 thanh 8 GB)SSD 1 TB2.25 kg
Asus Zenbook Flip UP3404VA-KN039W i7 1360P,,https://fptshop.com.vn/may-tinh-xach-tay/asus-zenbook-flip-up3404va-kn039w-i7-1360p,29.990.000 ₫,33.990.000 ₫,Intel UHD Graphics14 inchCore i716 GBSSD 512 GB1.5 kg
Macbook Air M2 13 2022 8CPU 10GPU/16GB/256GB,,https://fptshop.com.vn/may-tinh-xach-tay/macbook-air-m2-13-inch-2022-8cpu-10gpu-16gb?dung-luong=256gb,29.690.000 ₫,29.990.000 ₫,13.6 inchM216 GBSSD 256 GB1.2 kg
Lenovo Gaming LOQ - 15IRX9 i7-13650HX (83DV00D5VN),,https://fptshop.com.vn/may-tinh-xach-tay/lenovo-gaming-loq-15irx9-i7-13650hx-16gb,28.990.000 ₫,31.390.000 ₫,NVIDIA GeForce RTX 4050 6GB GDDR615.6 inchCore i716 GB (1 thanh 16 GB)SSD 512 GB2.38 kg
Asus TUF Gaming FX507ZV4-LP042W i7 12700H,,https://fptshop.com.vn/may-tinh-xach-tay/asus-tuf-gaming-fx507zv4-lp042w-i7-12700u,28.990.000 ₫,33.490.000 ₫,NVIDIA GeForce RTX 4060 8GB GDDR615.6 inchCore i716 GBSSD 512 GB2.2 kg
LG Gram 14T90R-G.AH55A5 i5 1340P,,https://fptshop.com.vn/may-tinh-xach-tay/lg-gram-14t90r-gah55a5-i5-1340p,28.990.000 ₫,37.990.000 ₫,Intel Iris Plus Graphics14.0 inchCore i516 GBSSD 512 GB1.25 kg
MSI Gaming Cyborg 15 AI A1VE-053VN Ultra 7 155H,,https://fptshop.com.vn/may-tinh-xach-tay/msi-gaming-cyborg-15-ai-a1ve-053vn-ultra-7-155h,28.990.000 ₫,30.990.000 ₫,NVIDIA GeForce RTX 4050 6GB GDDR615.6 inchCore Ultra 716 GB (2 thanh 8 GB)SSD 512 GB1.98 kg
MSI Gaming Katana A15 AI B8VE-402VN R7 8845HS,,https://fptshop.com.vn/may-tinh-xach-tay/msi-gaming-katana-a15-ai-b8ve-402vn-r7-8845hs,28.990.000 ₫,none,NVIDIA GeForce RTX 4050 6GB GDDR615.6 inchRyzen 716 GB (2 thanh 8 GB)SSD 512 GB2.25 kg
Dell Inspiron 14 2in1 T7430 i7 1355U (P172G001),,https://fptshop.com.vn/may-tinh-xach-tay/dell-inspiron-14-2in1-t7430-i7-1355u,28.490.000 ₫,29.490.000 ₫,none
Gigabyte Gaming G6 KF-H3VN853SH i7-13620H,,https://fptshop.com.vn/may-tinh-xach-tay/gigabyte-gaming-g6-kf-h3vn853sh-i7-13620h,27.990.000 ₫,29.990.000 ₫,NVIDIA GeForce RTX 4060 8GB GDDR616 inchCore i716 GB (2 thanh 8 GB)SSD 512 GB2.3 kg
MacBook Air 15 inch M2 2023 8 CPU/10 GPU/8 GB/256 GB,,https://fptshop.com.vn/may-tinh-xach-tay/macbook-air-m2-2023-15-inch?dung-luong=256gb,27.590.000 ₫,32.890.000 ₫,Apple M215.3 inchM28 GBSSD 512 GBSSD 256 GB1.51 kg
Macbook Air M3 13 2024 8CPU 8GPU/8GB/256GB,,https://fptshop.com.vn/may-tinh-xach-tay/macbook-air-m3-13-2024-8cpu-8gpu-8gb-256gb,27.290.000 ₫,27.990.000 ₫,13.6 inchM38 GB (1 thanh 8 GB)SSD 256 GB1.24 kg
Acer Nitro V Gaming ANV15-51-55CA i5 13420H (NH.QN8SV.004),,https://fptshop.com.vn/may-tinh-xach-tay/acer-nitro-v-gaming-anv15-51-55ca-i5-13420h,26.990.000 ₫,27.990.000 ₫,NVIDIA GeForce RTX 4050 6GB GDDR615.6 inchCore i516 GB (2 thanh 8 GB)SSD 512 GB2.1 kg
Asus Zenbook 14 OLED UX3402VA-KM068W i7 1360P,,https://fptshop.com.vn/may-tinh-xach-tay/asus-zenbook-14-oled-ux3402va-km068w-i7-1360p,26.990.000 ₫,31.990.000 ₫,14 inchCore i716 GBSSD 512 GB1390 g
Asus Zenbook 14 OLED UX3405MA-PP151W Core Ultra 5-125H,,https://fptshop.com.vn/may-tinh-xach-tay/asus-zenbook-14-oled-ux3405ma-pp151w-ultra-5-125h,26.990.000 ₫,28.990.000 ₫,Intel Arc Graphics14 inchCore Ultra 5Ultra 5 Meteor Lake16 GB (1 thanh 16 GB)SSD 512 GB1.2 kg
Asus Zenbook 14 OLED UX3405MA-PP588W Ultra 5-125H,,https://fptshop.com.vn/may-tinh-xach-tay/asus-zenbook-14-oled-ux3405ma-pp588w-ultra-5-125h,26.990.000 ₫,28.990.000 ₫,Intel Arc Graphics14 inchUltra 5 Meteor Lake16 GB (1 thanh 16 GB)SSD 512 GB1.2 kg
Acer Swift Go AI SFG14-73-71ZX Ultra 7-155H,,https://fptshop.com.vn/may-tinh-xach-tay/acer-swift-go-ai-sfg14-73-71zx-ultra-7-155H,26.490.000 ₫,26.990.000 ₫,Intel Arc Graphics14 inchCore Ultra 716 GB (1 thanh 16 GB)SSD 512 GB1.32 kg
Asus Vivobook S15 OLED S5406MA-PP136W Ultra 5-125H,,https://fptshop.com.vn/may-tinh-xach-tay/asus-vivobook-s14-s5406ma-pp136w-ultra-5-125h,25.990.000 ₫,26.990.000 ₫,Intel Arc Graphics14 inchCore Ultra 516 GB (1 thanh 16 GB)SSD 1 TB1.3 kg
Asus Vivobook S15 OLED S5406MA-PP161W Ultra 5-125H,,https://fptshop.com.vn/may-tinh-xach-tay/asus-vivobook-s14-s5406ma-pp161w-ultra-5-125h,25.990.000 ₫,26.990.000 ₫,Intel Arc Graphics14 inchCore Ultra 516 GB (1 thanh 16 GB)SSD 1 TB1.3 kg
Asus TUF Gaming FX507ZV4-LP041W i7 12700H,,https://fptshop.com.vn/may-tinh-xach-tay/asus-tuf-gaming-fx507zv4-lp041w-i7-12700h,25.990.000 ₫,32.490.000 ₫,NVIDIA GeForce RTX 4060 8GB GDDR615.6 inchCore i78 GB (1 thanh 8 GB)SSD 512 GB2.2 kg
MSI Prestige 14Evo B13M-401VN i5 13500H,,https://fptshop.com.vn/may-tinh-xach-tay/msi-prestige-14evo-b13m-401vn-i5-13500h,25.490.000 ₫,26.990.000 ₫,Intel Iris Xe Graphics14.0 inchCore i516 GBSSD 512 GB1.49 kg
Acer Swift 3 SF314-512-741L i7 1260P (NX.K7JSV.001),,https://fptshop.com.vn/may-tinh-xach-tay/acer-swift-3-sf314-512-741l-i7-1260p,25.490.000 ₫,30.490.000 ₫,Intel Iris Xe Graphics14.0  Chính: inchCore i716 GB (1 thanh 16 GB)SSD 1 TB1.2 kg
Asus TUF Gaming A15 FA507NV-LP110W R5-7535HS,,https://fptshop.com.vn/may-tinh-xach-tay/asus-tuf-gaming-a15-fa507nv-lp110w-r5-7535hs,25.490.000 ₫,30.490.000 ₫,Intel Arc Graphics15.6 inchRyzen 516 GB (2 thanh 8 GB)SSD 512 GB2.2 kg
Asus TUF Gaming FA507NV-LP046W R7 7735HS,,https://fptshop.com.vn/may-tinh-xach-tay/asus-tuf-gaming-fa507nv-lp046w-r7-7735hs,25.490.000 ₫,31.490.000 ₫,NVIDIA GeForce RTX 4060 8GB GDDR615.6 inchRyzen 78 GBSSD 512 GB2.2 kg
HP ProBook 440 G10 i7 1360P (873C1PA),,https://fptshop.com.vn/may-tinh-xach-tay/hp-probook-440-g10-i7-1360p,24.490.000 ₫,27.490.000 ₫,Intel UHD Graphics14.0 inchCore i716 GBSSD 512 GB1.38 kg
Gigabyte Gaming G5 MF5-H2VN353SH i7 13620H,,https://fptshop.com.vn/may-tinh-xach-tay/gigabyte-gaming-g5-mf5-h2vn353Sh-i7-13620h,24.490.000 ₫,27.990.000 ₫,NVIDIA GeForce RTX 4050 6GB GDDR615.6 inchCore i716 GB (2 thanh 8 GB)SSD 512 GB2.08 kg
Macbook Air 13 2020 M1/16GB/256GB SSD,,https://fptshop.com.vn/may-tinh-xach-tay/macbook-air-13-2020-m1-ram-16gb?dung-luong=256gb,24.490.000 ₫,29.990.000 ₫,Apple M113.3 inchM116 GBSSD 256 GB1.29 kg
MacBook Air M2 13 2022 8CPU 8GPU 8GB 256GB,,https://fptshop.com.vn/may-tinh-xach-tay/macbook-air-m2-2022-13-inch?dung-luong=256gb,24.390.000 ₫,27.990.000 ₫,Apple M213.6 inchM28 GBSSD 256 GB1.24 kg
Dell Inspiron 14 2in1 T7430 i5 1335U (N7430I58W1),,https://fptshop.com.vn/may-tinh-xach-tay/dell-inspiron-14-2in1-7430-i5-1335u,23.990.000 ₫,24.390.000 ₫,Intel Iris Xe Graphics14.0  Chính: inchCore i58 GB (1 thanh 8 GB)SSD 512 GB1.62 kg
Asus TUF Gaming FA507NU-LP034W R7 7735HS,,https://fptshop.com.vn/may-tinh-xach-tay/asus-tuf-gaming-fa507nu-lp034w-r7-7735hs,23.990.000 ₫,26.990.000 ₫,NVIDIA GeForce RTX 4050 6GB GDDR615.6 inchRyzen 78 GB (1 thanh 8 GB)SSD 512 GB2.2 kg
Gigabyte Gaming G5 KF-E3VN313SH i5 12500H,,https://fptshop.com.vn/may-tinh-xach-tay/gigabyte-gaming-g5-kf-e3vn313sh-i5-12500h,23.490.000 ₫,26.490.000 ₫,"NVIDIA GeForce RTX 4060 8GB GDDR615,6 inchCore i516 GB (2 thanh 8 GB)SSD 512 GB1.9 kg"
Acer Swift Go AI SFG14-73-53X7 Ultra 5-125H,,https://fptshop.com.vn/may-tinh-xach-tay/acer-swift-so-ai-sfg14-73-53x7-ultra-5-125h,23.490.000 ₫,23.990.000 ₫,Intel Arc Graphics14 inchCore Ultra 516 GB (1 thanh 16 GB)SSD 512 GB1.32 kg
ASUS Zenbook 14 OLED UM3402YA-KM826W R5-7430U,,https://fptshop.com.vn/may-tinh-xach-tay/asus-zenbook-14-oled-um3402ya-km826w-r5-7430u,22.990.000 ₫,23.990.000 ₫,AMD Radeon Graphics14 inchRyzen 516 GB (1 thanh 16 GB)SSD 512 GB1.39 kg
Gigabyte Gaming G5 MF5-52VN353SH i5 13500H,,https://fptshop.com.vn/may-tinh-xach-tay/gigabyte-gaming-g5-mf5-52vn353sh-i5-13500h,22.990.000 ₫,25.790.000 ₫,NVIDIA GeForce RTX 4050 6GB GDDR615.6 inchCore i516 GBSSD 512 GB2.08 kg
Asus Vivobook Flip TP3402VA-LZ118W i9 13900H,,https://fptshop.com.vn/may-tinh-xach-tay/asus-vivobook-flip-tp3402va-lz118w-i9-13900h,22.990.000 ₫,26.490.000 ₫,Intel Iris Xe Graphics14 inchCore i916 GB (2 thanh 8 GB)SSD 512 GB1.5 kg
Lenovo Yoga Slim 6 14IRH8 i7 13700H (83E0000VVN),,https://fptshop.com.vn/may-tinh-xach-tay/lenovo-yoga-slim-6-14irh8-i7-13700h,22.990.000 ₫,24.990.000 ₫,none
Asus Vivobook A1505VA-L1201W i9 13900H,,https://fptshop.com.vn/may-tinh-xach-tay/asus-vivobook-a1505va-l1201w-i9-13900h,22.490.000 ₫,23.990.000 ₫,15.6 inchCore i916 GB (2 thanh 8 GB)SSD 512 GB1.7 kg
Lenovo ThinkPad E16 G1 i5 13500H (21JN00FPVN),,https://fptshop.com.vn/may-tinh-xach-tay/lenovo-thinkpad-e16-g1-i5-13500h,22.400.000 ₫,22.900.000 ₫,Intel Iris Xe Graphics16 inchCore i516 GBSSD 512 GB1.81 kg
HP Gaming Victus 16-s0078AX R5 7640HS (8C5N7PA),,https://fptshop.com.vn/may-tinh-xach-tay/hp-gaming-victus-16-s0078ax-r5-7640hs,21.990.000 ₫,27.390.000 ₫,NVIDIA GeForce RTX 3050 6GB16.0 inchRyzen 516 GBSSD 512 GB2.31 kg
Asus Vivobook S3504VA-L1227WS i7 1360P,,https://fptshop.com.vn/may-tinh-xach-tay/asus-vivobook-s3504va-l1227ws-i7-1360p,21.990.000 ₫,25.990.000 ₫,Intel Iris Xe Graphics15.6 inchCore i716 GB (2 thanh 8 GB)SSD 512 GB1.7 kg
Acer Nitro Gaming AN515-58-769J i7 12700H (NH.QFHSV.003),,https://fptshop.com.vn/may-tinh-xach-tay/acer-nitro-gaming-an515-58-769j-i7-12700h,21.990.000 ₫,29.990.000 ₫,NVIDIA GeForce RTX 3050 4GB15.6 inchCore i78 GB (1 thanh 8 GB)SSD 512 GB2.5 kg
Lenovo Thinkpad T14s Gen 2 i5 1145G7 (20WMS1EE00),,https://fptshop.com.vn/may-tinh-xach-tay/lenovo-thinkpad-t14s-gen-2-i5-1145g7,20.990.000 ₫,22.990.000 ₫,Intel Iris Xe Graphics14 inchCore i516 GBSSD 512 GB1.57 kg
HP ProBook 440 G10 i5 1340P (873B2PA),,https://fptshop.com.vn/may-tinh-xach-tay/hp-probook-440-g10-i5-1340p,20.990.000 ₫,23.290.000 ₫,Intel UHD Graphics14.0 inchCore i516 GBSSD 512 GB1.38 kg
Acer Swift X SFX16-51G-50GS i5 11320H (NX.AYLSV.002),,https://fptshop.com.vn/may-tinh-xach-tay/acer-swift-x-sfx16-51g-50gs-i5-11320h,20.990.000 ₫,30.990.000 ₫,NVIDIA GeForce RTX 3050 4GB16.1  Chính: inchCore i516 GB (1 thanh 16 GB)SSD 512 GB1.9 kg
Acer Nitro 5 Tiger Gaming AN515-58-52SP i5 12500H (NH.QFHSV.001),,https://fptshop.com.vn/may-tinh-xach-tay/acer-nitro-gaming-an515-58-52sp-i5-12500h,20.990.000 ₫,29.490.000 ₫,NVIDIA GeForce RTX 3050 4GB15.6 inchCore i58 GB (1 thanh 8 GB)SSD 512 GB2.5 kg
Lenovo IdeaPad Slim 5 14IMH9 Ultra 5 125H (83DA001NVN),,https://fptshop.com.vn/may-tinh-xach-tay/lenovo-ideapad-slim-5-14imh9-ultra-5-125h,20.990.000 ₫,21.990.000 ₫,Intel Arc Graphics14 inchCore Ultra 516 GB (1 thanh 16 GB)SSD 512 GB1.48 kg
Asus Vivobook Pro K3405ZF-KM184W i5-12500H,,https://fptshop.com.vn/may-tinh-xach-tay/asus-vivobook-pro-14-oled-k3405zf-km184w-i5-12500h,20.490.000 ₫,25.990.000 ₫,14 inchCore i516 GB (2 thanh 8 GB)SSD 512 GB1.45 kg
Lenovo Gaming LOQ 15IAX9 i5-12450HX (83GS001RVN),,https://fptshop.com.vn/may-tinh-xach-tay/lenovo-gaming-loq-15iax9-i5-12450hx-12gb-rtx3050,20.390.000 ₫,22.790.000 ₫,NVIDIA GeForce RTX 3050 6GB15.6 inchCore i512 GBSSD 512 GB2.38 kg
HP Gaming Victus 15-fb1022AX R5-7535HS (94F19PA),,https://fptshop.com.vn/may-tinh-xach-tay/hp-gaming-victus-15-fb1022ax-r5-7535hs,19.990.000 ₫,25.490.000 ₫,15.6 inchRyzen 516 GB (2 thanh 8 GB)SSD 512 GB2.29 kg
HP Gaming Victus 16-e1104AX R7 6800H (7C0S9PA),,https://fptshop.com.vn/may-tinh-xach-tay/hp-gaming-victus-16-e1104ax-r7-6800h,19.690.000 ₫,29.290.000 ₫,NVIDIA GeForce RTX 3050 4GB16.1 inchRyzen 78 GB (1 thanh 8 GB)SSD 512 GB2.4 kg
Lenovo Ideapad Gaming 3 15ARH7 R5 7535HS (82SB00JUVN),,https://fptshop.com.vn/may-tinh-xach-tay/lenovo-ideapad-gaming-3-15arh7-r5-7535hs,19.390.000 ₫,25.990.000 ₫,NVIDIA GeForce RTX 4050 6GB GDDR615.6 inchRyzen 58 GB (1 thanh 8 GB)SSD 512 GB2.32 kg
HP Pavilion 15-eg3111TU i5 1335U (8U6L8PA),,https://fptshop.com.vn/may-tinh-xach-tay/hp-pavilion-15-eg3111tu-i5-1335u,19.290.000 ₫,21.290.000 ₫,Intel UHD Graphics15.6 inchCore i516 GB (2 thanh 8 GB)SSD 512 GB1.68 kg
HP Pavilion 14-dv2072TU i7 1255U (7C0W1PA),,https://fptshop.com.vn/may-tinh-xach-tay/hp-pavilion-14-dv2072tu-i7-1255u,18.990.000 ₫,23.890.000 ₫,Intel UHD Graphics14.0 inchCore i78 GBSSD 512 GB1.41 kg
Lenovo IdeaPad Slim 5 14IRL8 i5-13500H (82XD008LVN),,https://fptshop.com.vn/may-tinh-xach-tay/lenovo-ideapad-slim-5-14irl8-i5-13500h?dung-luong=1tb,18.690.000 ₫,20.990.000 ₫,Intel Iris Xe Graphics14 inchCore i516 GB (1 thanh 16 GB)SSD 1 TB1.46 kg
Asus TUF Gaming FX517ZC-HN077W i5 12450H,,https://fptshop.com.vn/may-tinh-xach-tay/asus-tuf-gaming-fx517zc-hn077w-i5-12450h,18.490.000 ₫,23.990.000 ₫,NVIDIA GeForce RTX 3050 4GB15.6 inchCore i58 GB (1 thanh 8 GB)SSD 512 GB2 kg
Macbook Air 13 2020 M1/8GB/256GB SSD,,https://fptshop.com.vn/may-tinh-xach-tay/macbook-air-13-2020-m1-256gb,18.190.000 ₫,22.990.000 ₫,Apple M113.3 inchM18 GBSSD 256 GB1.29 kg
HP Pavilion 15-eg3095TU i5 1335U (8C5L6PA),,https://fptshop.com.vn/may-tinh-xach-tay/hp-pavilion-15-eg3095tu-i5-1335u,17.990.000 ₫,19.990.000 ₫,Intel Iris Xe Graphics15.6 inchCore i58 GB (2 thanh 4 GB)SSD 512 GB1.69 kg
MSI Gaming Cyborg 15 A12UCX-618VN i5 12450H,,https://fptshop.com.vn/may-tinh-xach-tay/msi-gaming-cyborg-15-a12ucx-618vn-i5-12450h,17.990.000 ₫,19.990.000 ₫,NVIDA Geforce RTX 2050 4GB15.6 inchCore i516 GBSSD 512 GB1.98 kg
Lenovo ThinkBook 15 G5 ABP R5 7530U (21JF001SVN),,https://fptshop.com.vn/may-tinh-xach-tay/lenovo-thinkbook-15-g5-r5-7530u,17.490.000 ₫,18.690.000 ₫,15.6 inchRyzen 516 GB (2 thanh 8 GB)SSD 512 GB1.7 kg
Gigabyte Gaming A5 K1-AVN1030SB R5 5600H,,https://fptshop.com.vn/may-tinh-xach-tay/gigabyte-gaming-a5-k1-avn1030sb-r5-5600h,17.490.000 ₫,19.990.000 ₫,NVIDIA GeForce RTX 3060 6GB15.6 inchRyzen 58 GB (1 thanh 8 GB)SSD 512 GB2.12 kg
Lenovo ThinkBook 16 G6 IRL i5-13500H,,https://fptshop.com.vn/may-tinh-xach-tay/lenovo-thinkbook-16-g6-irl-i5-13500h,17.490.000 ₫,17.990.000 ₫,Intel Iris Xe Graphics16 inchCore i516 GB (2 thanh 8 GB)SSD 512 GB1.7 kg
HP 15-fd0079TU i5 1335U (8D732PA),,https://fptshop.com.vn/may-tinh-xach-tay/hp-15-fd0079tu-i5-1335u,16.990.000 ₫,19.590.000 ₫,Intel UHD Graphics15.6 inchCore i516 GBSSD 512 GB1.36 kg
Acer Aspire 7 Gaming A715-76G-55T6 i5 12450H (NH.QMYSV.003),,https://fptshop.com.vn/may-tinh-xach-tay/acer-aspire-7-gaming-a715-76g-55t6-i5-12450h,16.990.000 ₫,21.490.000 ₫,NVIDA Geforce RTX 2050 4GB15.6 inchCore i516 GB (2 thanh 8 GB)SSD 512 GB2.1 kg
MSI Gaming Cyborg 15 A12UCX-281VN i5 12450H,,https://fptshop.com.vn/may-tinh-xach-tay/msi-gaming-cyborg-15-a12ucx-281vn-i5-12450h,16.990.000 ₫,18.990.000 ₫,NVIDA Geforce RTX 2050 4GB15.6 inchCore i58 GBSSD 512 GB1.98 kg
Lenovo Ideapad Slim 5 Light 14ABR8 R7 7730U (82XS002JVN),,https://fptshop.com.vn/may-tinh-xach-tay/lenovo-ideapad-slim-5-light-14abr8-r7-7730,16.990.000 ₫,19.990.000 ₫,AMD Radeon Graphics14.0 inchRyzen 716 GBSSD 512 GB1.17 kg
HP 15s-fq5146TU i7 1255U (7C0R9PA),,https://fptshop.com.vn/may-tinh-xach-tay/hp-15s-fq5146tu-i7-1255u,16.890.000 ₫,22.890.000 ₫,Intel Iris Xe Graphics15.6 inchCore i78 GB (2 thanh 4 GB)SSD 512 GB1.69 kg
HP Pavilion 15-eg2083TU i5 1240P (7C0W9PA),,https://fptshop.com.vn/may-tinh-xach-tay/hp-pavilion-15-eg2083tu-i5-1240p,16.590.000 ₫,19.790.000 ₫,"Intel UHD Graphics15,6 inchCore i58 GB (2 thanh 4 GB)SSD 512 GB1.72 g"
HP 15s fq5160TU i5 1235U (7C0S1PA),,https://fptshop.com.vn/may-tinh-xach-tay/hp-15s-fq5160tu-i5-1235u,16.490.000 ₫,19.990.000 ₫,Intel Iris Xe Graphics15.6 inchCore i516 GB (2 thanh 8 GB)SSD 512 GB1.7 kg
Dell Inspiron 15 N3520 i5 1235U (25P231),,https://fptshop.com.vn/may-tinh-xach-tay/dell-inspiron-15-n3520-i5-1235u-512gb,16.490.000 ₫,16.990.000 ₫,Intel Iris Xe Graphics15.6 inchCore i516 GBSSD 512 GB1.67 kg
Asus TUF Gaming A15 FA506NF-HN005W R5-7535HS,,https://fptshop.com.vn/may-tinh-xach-tay/asus-tuf-gaming-a15-fa506nf-hn005w-r5-7535hs,16.490.000 ₫,19.990.000 ₫,NVIDIA GeForce RTX 2050 4GB GDDR615.6 inchRyzen 58 GB (1 thanh 8 GB)SSD 512 GB2.3 kg
Acer Aspire 5 A515-58GM-53PZ i5 13420H,,https://fptshop.com.vn/may-tinh-xach-tay/acer-gaming-aspire-5-a515-58gm-53pz-i5-13420h,16.490.000 ₫,20.490.000 ₫,NVIDA Geforce RTX 2050 4GB15.6 inchCore i58 GBSSD 512 GB1.7 kg
Lenovo Ideapad Slim 3 15IRH8 i7 13620H (83EM003EVN),,https://fptshop.com.vn/may-tinh-xach-tay/lenovo-ideapad-slim-3-15irh8-i7-13620h,16.290.000 ₫,18.490.000 ₫,Intel UHD Graphics15.6 inchCore i716 GB (1 thanh 16 GB)SSD 512 GB1.62 kg
Acer Nitro Gaming AN515-57-5669 i5 11400H (NH.QEHSV.001),,https://fptshop.com.vn/may-tinh-xach-tay/acer-nitro-gaming-an515-57-5669-i5-11400h,15.490.000 ₫,22.490.000 ₫,NVIDIA GeForce GTX 1650 4GB15.6 inchCore i58 GBSSD 512 GB2.2 kg
Dell Vostro 14 V3420 i5 1235U_71003348,,https://fptshop.com.vn/may-tinh-xach-tay/dell-vostro-14-v3420-i5-1235u,15.490.000 ₫,15.990.000 ₫,Intel UHD Graphics14 inchCore i58 GBSSD 512 GB1.49 kg
Asus Vivobook  A1503ZA-L1139W i5 12500H,,https://fptshop.com.vn/may-tinh-xach-tay/asus-vivobook-a1503za-l1139w-i5-12500h,14.990.000 ₫,21.490.000 ₫,Intel UHD Graphics15.6 inchCore i58 GB (1 thanh 8 GB)SSD 512 GB1.7 kg
Asus Vivobook M3504YA-L1144W R5 7530U,,https://fptshop.com.vn/may-tinh-xach-tay/asus-vivobook-m3504ya-l1144w-r5-7530u,14.990.000 ₫,18.990.000 ₫,AMD Radeon Graphics15.6 inchRyzen 516 GB (2 thanh 8 GB)SSD 512 GB1.7 kg
Acer Aspire Gaming A715-43G-R8GA R5 5625U (NH.QHDSV.002),,https://fptshop.com.vn/may-tinh-xach-tay/acer-aspire-gaming-a715-43g-r8ga-r5-5625u,14.990.000 ₫,21.990.000 ₫,NVIDIA GeForce RTX 3050 4GB15.6 inchRyzen 58 GB (1 thanh 8 GB)SSD 512 GB2.1 kg
MSI Modern 15 B7M-238VN R7 7730U,,https://fptshop.com.vn/may-tinh-xach-tay/msi-modern-15-b7m-238vn-r7-7730u,14.990.000 ₫,16.990.000 ₫,AMD Radeon Graphics15.6 inchRyzen 716 GB (1 thanh 16 GB)SSD 512 GB1.4 kg
Acer Aspire 5 A515-58P-56RP i5 1335U (NX.KHJSV.008),,https://fptshop.com.vn/may-tinh-xach-tay/acer-aspire-5-a515-58p-56rp-i5-1335u,14.990.000 ₫,16.990.000 ₫,Intel UHD Graphics15.6 inchCore i516 GBSSD 512 GB1.7 kg
Acer Swift Go SFG14-41-R19Z R5 7530U (NX.KG3SV.001),,https://fptshop.com.vn/may-tinh-xach-tay/acer-swift-go-sfg14-41-r19z-r5-7530u,14.990.000 ₫,18.490.000 ₫,AMD Radeon Graphics14 inchRyzen 516 GBSSD 512 GB1.2 kg
Acer Aspire 7 A715-76-53PJ i5 12450H (NH.QGESV.007),,https://fptshop.com.vn/may-tinh-xach-tay/laptop-acer-aspire-7-a715-76-53pj-i5-12450h,14.990.000 ₫,16.990.000 ₫,Intel UHD Graphics15.6 inchCore i516 GB (2 thanh 8 GB)SSD 512 GB2.1 kg
VAIO FE14 i5 1235U (VWNC51427-BK),,https://fptshop.com.vn/may-tinh-xach-tay/vaio-fe14-i5-1235u-vwnc51427-bk,14.990.000 ₫,18.990.000 ₫,Intel UHD Graphics14.0 inchCore i58 GB (2 thanh 4 GB)SSD 512 GB1.8 kg
Asus Vivobook X1605VA-MB105W i5 1335U,,https://fptshop.com.vn/may-tinh-xach-tay/asus-vivobook-x1605va-mb105w-i5-1335u,14.490.000 ₫,18.190.000 ₫,Intel Iris Xe Graphics16 inchCore i58 GBSSD 512 GB1.68 kg
MSI Modern 15 B13M-438VN i5 1335U,,https://fptshop.com.vn/may-tinh-xach-tay/msi-modern-15-b13m-438vn-i5-1335u,13.990.000 ₫,18.490.000 ₫,Intel UHD Graphics15.6 inchCore i58 GBSSD 512 GB1.7 kg
Lenovo V14 G4 IRU i5 1335U (83A00010VN),,https://fptshop.com.vn/may-tinh-xach-tay/lenovo-v14-g4-iru-i5-1335u,13.990.000 ₫,14.790.000 ₫,Intel Iris Xe Graphics14 inchCore i516 GB (2 thanh 8 GB)SSD 512 GB1.43 kg
Acer Swift 3 SF314-511-55QE i5 1135G7 (NX.ABNSV.003),,https://fptshop.com.vn/may-tinh-xach-tay/acer-swift-3-sf314-511-55qe-i5-1135g7,13.990.000 ₫,23.790.000 ₫,Intel Iris Xe Graphics14.0 inchCore i516 GBSSD 512 GB1.19 kg
Acer Aspire 5 A514-54-5127 i5 1135G7 (NX.A28SV.007),,https://fptshop.com.vn/may-tinh-xach-tay/acer-aspire-a514-54-5127-i5-1135g7,13.490.000 ₫,16.990.000 ₫,Intel Iris Xe Graphics14.0 inchCore i58 GBSSD 512 GB1.45 kg
MSI Modern 14 C13M-458VN i5 1335U,,https://fptshop.com.vn/may-tinh-xach-tay/msi-modern-14-c13m-458vn-i5-1335u,13.490.000 ₫,17.990.000 ₫,Intel Iris Xe Graphics14 inchCore i58 GB (1 thanh 8 GB)SSD 512 GB1.4 kg
Acer Aspire 3 A315-59-51X8 i5 1235U (NX.K6TSV.00F),,https://fptshop.com.vn/may-tinh-xach-tay/acer-aspire-3-a315-59-51x8-i5-1235u,12.990.000 ₫,17.990.000 ₫,Intel UHD Graphics15.6 inchCore i58 GBSSD 512 GB1.7 kg
MSI Modern 15 B7M-231VN R5 7530U,,https://fptshop.com.vn/may-tinh-xach-tay/msi-modern-15-b7m-231vn-r5-7530u,12.990.000 ₫,14.990.000 ₫,AMD Radeon Graphics15.6 inchRyzen 516 GBSSD 512 GB1.4 kg
Acer Swift 3 SF314-43-R4X3 R5 5500U (NX.AB1SV.004),,https://fptshop.com.vn/may-tinh-xach-tay/acer-swift-3-sf314-43-r4x3-r5-5500u,12.990.000 ₫,20.990.000 ₫,none
Lenovo Ideapad 1 - 14ALC7 R7 5700U (82R30077VN),,https://fptshop.com.vn/may-tinh-xach-tay/lenovo-ideapad-1-14alc7-r7-5700u,12.490.000 ₫,13.990.000 ₫,AMD Radeon Graphics14 inchRyzen 716 GB (2 thanh 8 GB)SSD 512 GB1.38 kg
MSI Modern 15 B7M-098VN R7 7730U,,https://fptshop.com.vn/may-tinh-xach-tay/msi-modern-15-b7m-098vn-r7-7730u,11.690.000 ₫,14.990.000 ₫,AMD Radeon Graphics15.6 inchRyzen 78 GBSSD 512 GB1.4 kg
Acer Aspire 3 A314-23M-R4TX R5 7520U (NX.KEXSV.001),,https://fptshop.com.vn/may-tinh-xach-tay/acer-aspire-3-a314-23m-r4tx-r5-7520u,10.990.000 ₫,13.290.000 ₫,none
Lenovo V15 G4 AMN R5 7520U (82YU00V9VN),,https://fptshop.com.vn/may-tinh-xach-tay/lenovo-v15-g4-amn-r5-7520u,10.690.000 ₫,11.490.000 ₫,AMD Radeon 610M Graphics15.6 inchRyzen 516 GB (1 thanh 16 GB)SSD 512 GB1.65 kg
HP 15s-fq5230TU i3-1215U (8U238PA),,https://fptshop.com.vn/may-tinh-xach-tay/hp-15s-fq5230tu-i3-1215u,10.490.000 ₫,11.990.000 ₫,none
Huawei MateBook D14 BE i3 1215U,,https://fptshop.com.vn/may-tinh-xach-tay/huawei-ytfz-x-matebook-d14-be-i3-1215u,9.990.000 ₫,11.990.000 ₫,Intel UHD Graphics14.0 inchCore i38 GBSSD 256 GB1.39 kg
Acer Aspire 5 A515-58P-351N i3 1305U (NX.KHJSV.007),,https://fptshop.com.vn/may-tinh-xach-tay/acer-aspire-5-a515-58p-351n-i3-1305u,9.990.000 ₫,12.790.000 ₫,Intel UHD Graphics15.6 inchCore i316 GBSSD 512 GB1.7 kg
Lenovo IdeaPad 1 15AMN7 R5 7520U (82VG0022VN),,https://fptshop.com.vn/may-tinh-xach-tay/lenovo-ideapad-1-15amn7-r5-7520u,9.990.000 ₫,13.490.000 ₫,AMD Radeon Graphics15.6 inchRyzen 58 GBSSD 512 GB1.58 kg
HP 245 G9 R5 5625U (6L1N8PA),,https://fptshop.com.vn/may-tinh-xach-tay/hp-245-g9-r5-5625u,9.490.000 ₫,13.090.000 ₫,AMD Radeon Graphics14.0 inchRyzen 58 GB (1 thanh 8 GB)SSD 256 GB1.47 kg
HP 240 G10 i3-N305 (8U7D8PA),,https://fptshop.com.vn/may-tinh-xach-tay/hp-240-g10-i3-n3058,9.490.000 ₫,11.990.000 ₫,Intel UHD Graphics14 inchCore i38 GB (1 thanh 8 GB)SSD 256 GB1.37 kg
HP 14s-em0080AU R3 7320U (80R30PA),,https://fptshop.com.vn/may-tinh-xach-tay/hp-14s-em0080au-r3-7320u,8.990.000 ₫,11.690.000 ₫,AMD Radeon Graphics14.0 inchRyzen 38 GBSSD 256 GB1.4 kg
MSI Gaming Titan 18 HX A14VIG-205VN i9-14900HX,,https://fptshop.com.vn/may-tinh-xach-tay/msi-gaming-titan-18-hx-a14vig-205vn-i9-14900hx,149.490.000 ₫,149.990.000 ₫,NVIDIA GeForce RTX 4090 16GB18 inchCore i9128 GB (4 thanh 32GB)SSD 4 TB3.6 kg
Asus ROG Strix SCAR 18 G834JYR-R6011W i9-14900HX,,https://fptshop.com.vn/may-tinh-xach-tay/asus-rog-strix-scar-18-gaming-g834jyr-r6011w-i9-14900hx,120.000.000 ₫,130.000.000 ₫,18 inchCore i964 GB (2 thanh 32 GB)SSD 2 TB3.1 kg
Asus Gaming ROG Zephyrus Duo 16 GX650PZ-NM031W R9-7945HX,,https://fptshop.com.vn/may-tinh-xach-tay/asus-gaming-rog-zephyrus-duo-16-gx650pz-nm031w-r9-7945hx,104.990.000 ₫,112.990.000 ₫,Nvidia GeForce RTX 4080 12GB16 inchRyzen 932 GB (2 thanh 16 GB)SSD 1 TB2.67 kg
MacBook Pro 16 2023 M3 Max 16 CPU/40 GPU/48GB/1TB,,https://fptshop.com.vn/may-tinh-xach-tay/macbook-pro-16-2023-m3-max-16-cpu-40-gpu-48gb-1tb,101.990.000 ₫,102.490.000 ₫,none
Asus ROG Strix SCAR 16 G634JZR-NM009W i9-14900HX,,https://fptshop.com.vn/may-tinh-xach-tay/asus-rog-strix-16-gaming-g634jzr-nm009w-i9-14900hx,100.000.000 ₫,110.000.000 ₫,16 inchCore i964 GBSSD 2 TB2.65 kg
MSI Gaming Raider 18 HX A14VHG-025VN i9-14900HX,,https://fptshop.com.vn/may-tinh-xach-tay/msi-gaming-raider-18-hx-a14vhg-025vn-i9-14900hx,92.490.000 ₫,92.990.000 ₫,Nvidia GeForce RTX 4080 12GB18 inchCore i932 GB (2 thanh 16 GB)SSD 2 TB3.6 kg
MacBook Pro 16 2023 M3 Max 14 CPU/30 GPU/36GB/1TB,,https://fptshop.com.vn/may-tinh-xach-tay/macbook-pro-16-2023-m3-max-14-cpu-30-gpu-36gb-1tb,89.490.000 ₫,89.990.000 ₫,16.2 inchM3 Max36 GBSSD 1 TB2.16 kg
MSI Gaming Stealth 16 Mercedes AMG A13VG-289VN i9-13900H,,https://fptshop.com.vn/may-tinh-xach-tay/msi-gaming-stealth-16-mercedesamg-a13vg-289vn-i9-13900h,80.490.000 ₫,80.990.000 ₫,NVIDIA Geforce RTX 4070 8GB GDDR616 inchCore i932 GB (2 thanh 16 GB)SSD 2 TB3.3 kg
MacBook Pro 14 2023 M3 Max 14 CPU/30 GPU/36GB/1TB,,https://fptshop.com.vn/may-tinh-xach-tay/macbook-pro-14-2023-m3-max-14-cpu-30-gpu-36gb-1tb,79.490.000 ₫,79.990.000 ₫,14.2 inchM3 Max36 GBSSD 1 TB1.62 kg
Dell XPS 14 9440 U7 155H_71034921,,https://fptshop.com.vn/may-tinh-xach-tay/dell-xps-14-9440-u7-155h,78.990.000 ₫,none,Intel Arc Graphics14.5 inchUltra 764 GB (2 thanh 32 GB)SSD 1 TB1.8 kg
MacBook Pro 16 2023 M3 Pro 12 CPU/18 GPU/36GB/512GB,,https://fptshop.com.vn/may-tinh-xach-tay/macbook-pro-16-2023-m3-pro-12-cpu-18-gpu-36gb-512gb,74.490.000 ₫,74.990.000 ₫,16.2 inchM3 Pro36 GBSSD 512 GB2.14 kg
MSI Gaming Raider GE68 HX 13VG-048VN i7-13700HX,,https://fptshop.com.vn/may-tinh-xach-tay/msi-gaming-raider-ge68-hx-13vg-048vn-i7-13700hx,66.490.000 ₫,66.990.000 ₫,NVIDIA Geforce RTX 4070 8GB GDDR616 inchCore i732 GB (2 thanh 16 GB)SSD 2 TB2.7 kg
Asus ROG Strix G18 G814JIR-N6007W i9-14900HX,,https://fptshop.com.vn/may-tinh-xach-tay/asus-rog-strix-18-gaming-g814jir-n6007w-i9-14900hx,64.990.000 ₫,70.990.000 ₫,18 inchCore i932 GB (2 thanh 16 GB)SSD 1 TB3 kg
Lenovo ThinkPad X1 Carbon Gen 12 Ultra 7 155H (21KCS00X00),,https://fptshop.com.vn/may-tinh-xach-tay/lenovo-thinkpad-x1-carbon-gen-12-ultra-7-155h,56.490.000 ₫,56.990.000 ₫,Intel Arc Graphics14 inchUltra 732 GB (1 thanh 32 GB)SSD 512 GB1.98 kg
Asus Gaming ROG Zephyrus G14 GA403UV-QS170W R9-8945HS,,https://fptshop.com.vn/may-tinh-xach-tay/asus-gaming-rog-zephyrus-g14-ga403uv-qs170w-r9-8945hs,54.990.000 ₫,58.990.000 ₫,NVIDIA GeForce RTX 4060 8GB14 inchRyzen 932 GB (2 thanh 16 GB)SSD 1 TB1.5 kg
MSI Gaming Stealth 14 AI Studio A1VFG-050VN Ultra 7 155H,,https://fptshop.com.vn/may-tinh-xach-tay/msi-gaming-stealth-14-ai-studio-a1vfg-050vn-ultra-7-155h,49.490.000 ₫,49.990.000 ₫,NVIDIA GeForce RTX 4060 8GB14 inchCore Ultra 732 GB (2 thanh 16 GB)SSD 1 TB1.7 kg
Lenovo Legion Pro 5 16IRX9 i9 14900HX (83DF0047VN),,https://fptshop.com.vn/may-tinh-xach-tay/lenovo-gaming-legion-pro-5-16irx9-i9-14900hx,47.990.000 ₫,48.990.000 ₫,NVIDIA GeForce RTX 4060 8GB GDDR616 inchCore i932 GB (2 thanh 16 GB)SSD 1 TB2.55 kg
Asus Zenbook S 13 OLED UX5304MA-NQ117W U7-155U,,https://fptshop.com.vn/may-tinh-xach-tay/asus-zenbook-s-13-oled-ux5304ma-nq117w-intel-core-ultra-7-155u,42.990.000 ₫,44.990.000 ₫,Intel Iris Xe Graphics13.3 inchUltra 732 GB (2 thanh 16 GB)SSD 1 TB1 kg
Asus Gaming ROG Zephyrus G16 GU603VU-N4019W i7-13620H,,https://fptshop.com.vn/may-tinh-xach-tay/asus-gaming-rog-zephyrus-g16-gu603vu-n4019w-i7-13620h,41.990.000 ₫,44.990.000 ₫,NVIDIA GeForce RTX 4050 6GB16 inchCore i716 GB (1 thanh 16 GB)SSD 512 GB2 kg
Asus Gaming ROG Strix G16 G614JV-N4156W i7-13650HX,,https://fptshop.com.vn/may-tinh-xach-tay/asus-gaming-rog-strix-g16-g614jv-n4156w-i7-13650hx,41.990.000 ₫,44.990.000 ₫,NVIDIA GeForce RTX 4060 8GB16 inchCore i716 GB (1 thanh 16 GB)SSD 512 GB2.5 kg
MSI Gaming Sword 16 HX B14VEKG-039VN i7-14700HX,,https://fptshop.com.vn/may-tinh-xach-tay/msi-gaming-sword-16-hx-b14vekg-039vn-i7-14700hx,33.990.000 ₫,34.990.000 ₫,NVIDIA GeForce RTX 4050 6GB16 inchCore i716 GB (2 thanh 8 GB)SSD 1 TB2.3 kg
Lenovo Gaming LOQ 15IRX9 i7 13650HX (83DV00ERVN),,https://fptshop.com.vn/may-tinh-xach-tay/lenovo-gaming-loq-15irx9-i7-13650hx-16gb-512gb,33.990.000 ₫,34.990.000 ₫,NVIDIA GeForce RTX 4060 8GB15.6 inchCore i716 GB (1 thanh 16 GB)SSD 512 GB2.38 kg
Lenovo Yoga Slim 7 14IMH9 Ultra 7 155H (83CV001UVN),,https://fptshop.com.vn/may-tinh-xach-tay/lenovo-yoga-slim-7-14imh9-ultra-7-155h,28.990.000 ₫,29.990.000 ₫,Intel Arc Graphics14 inchCore i732 GB (2 thanh 16 GB)SSD 512 GB1.39 kg
Asus TUF Gaming FA507NU-LP140W R5 7535HS,,https://fptshop.com.vn/may-tinh-xach-tay/asus-tuf-gaming-fa507nu-lp140w-r5-7535hs,28.490.000 ₫,none,NVIDIA GeForce RTX 4050 6GB GDDR615.6 inchRyzen 58 GB (1 thanh 8 GB)SSD 512 GB2.2 kg
Lenovo ThinkBook 14s Yoga ITL i7 1165G7/20WE007MVN,,https://fptshop.com.vn/may-tinh-xach-tay/lenovo-thinkbook-14s-yoga-itl-i7-1165g7,27.890.000 ₫,none,Intel Iris Xe Graphics14.0 inchCore i716 GB (2 thanh 8 GB)SSD 512 GB1.5 kg
Lenovo IdeaPad Slim 5 14IMH9 U7-155H,,https://fptshop.com.vn/may-tinh-xach-tay/lenovo-ideapad-slim-5-14imh9-u7-155h,27.490.000 ₫,27.990.000 ₫,Intel Arc Graphics14 inchCore Ultra 732 GB (1 thanh 32 GB)SSD 1 TB1.48 kg
Asus Vivobook 14 X1404ZA-NK389W i7-1255U,,https://fptshop.com.vn/may-tinh-xach-tay/asus-vivobook-14-x1404za-nk389w-i7-1255u,26.990.000 ₫,28.990.000 ₫,14 inchCore i716 GBSSD 512 GB1.4 kg
Lenovo ThinkBook 14p G3 ARH R5-6600H (21EJ000BVN),,https://fptshop.com.vn/may-tinh-xach-tay/lenovo-thinkbook-14p-g3-arh-r5-6600h,26.890.000 ₫,none,AMD Radeon Graphics1.4 inchRyzen 516 GBSSD 512 GB1.4 kg
Lenovo Gaming LOQ 15IAX9 i5 12450HX (83GS00DAVN),,https://fptshop.com.vn/may-tinh-xach-tay/lenovo-gaming-loq-15iax9-i5-12450hx-24gb-512gb,26.490.000 ₫,27.490.000 ₫,NVIDIA GeForce RTX 4050 6GB GDDR615.6 inchCore i524 GB (2 thanh 12GB)SSD 512 GB2.38 kg
HP Pavilion X360 14-ek1047TU i7-1355U (80R25PA),,https://fptshop.com.vn/may-tinh-xach-tay/hp-pavilion-x360-14-ek1047tu-i7-1355u,25.290.000 ₫,27.290.000 ₫,Intel UHD Graphics14 inchCore i716 GB (1 thanh 16 GB)SSD 512 GB1.54 kg
Asus TUF Gaming FA507NU-LP131W R5 7535HS,,https://fptshop.com.vn/may-tinh-xach-tay/asus-tuf-gaming-fa507nu-lp131w-r5-7535hs,24.990.000 ₫,26.990.000 ₫,NVIDIA GeForce RTX 4050 6GB GDDR615.6 inchRyzen 516 GB (2 thanh 8 GB)SSD 1 TB2.2 kg
Lenovo ThinkPad E14 Gen 5 i7-1355U (21JK007XVN),,https://fptshop.com.vn/may-tinh-xach-tay/lenovo-thinkpad-e14-gen-5-i7-1355u,24.990.000 ₫,25.490.000 ₫,Intel Iris Xe Graphics14 inchCore i716 GB (2 thanh 8 GB)SSD 512 GB1.59 kg
Lenovo IdeaPad Slim 5 14IMH9 Ultra 7 155H (83DA006UVN),,https://fptshop.com.vn/may-tinh-xach-tay/lenovo-ideapad-slim-5-14imh9-ultra-7-155h,24.490.000 ₫,24.990.000 ₫,Intel Arc Graphics14 inchCore i716 GB (2 thanh 8 GB)SSD 512 GB1.48 kg
Lenovo IdeaPad Slim 5 14IMH9 Ultra 5 125H (83DA006TVN),,https://fptshop.com.vn/may-tinh-xach-tay/lenovo-ideapad-slim-5-14imh9-ultra5-125h,22.490.000 ₫,22.990.000 ₫,Intel Arc Graphics14 inchCore i516 GB (2 thanh 8 GB)SSD 1 TB1.48 kg
HP Pavilion X360 14-ek1049TU i5-1335U (80R27PA),,https://fptshop.com.vn/may-tinh-xach-tay/hp-pavilion-x360-14-ek1049tu-i5-1335u,22.190.000 ₫,24.190.000 ₫,Intel UHD Graphics14 inchCore i516 GB (1 thanh 16 GB)SSD 512 GB1.54 kg
Asus Vivobook A15 OLED A1505VA-L1491W i7-13700H,,https://fptshop.com.vn/may-tinh-xach-tay/asus-vivobook-a1505va-l1491w-i7-13700h,21.990.000 ₫,22.990.000 ₫,Intel Iris Xe Graphics15.6 inchCore i716 GB (2 thanh 8 GB)SSD 512 GB1.7 kg
Asus Zenbook 14 OLED UM3402YA-KM405W R5-7530U,,https://fptshop.com.vn/may-tinh-xach-tay/asus-zenbook-14-oled-um3402ya-km405w-r5-7530u,21.790.000 ₫,22.990.000 ₫,AMD Radeon Graphics14 inchRyzen 516 GB (1 thanh 16 GB)SSD 512 GB1.39 kg
Acer Nitro V Gaming ANV15-51-53NE i5 13420H,,https://fptshop.com.vn/may-tinh-xach-tay/acer-nitro-v-gaming-anv15-51-53ne-i5-13420h,21.490.000 ₫,23.990.000 ₫,Nvidia GeForce RTX 2050 4GB15.6 inchCore i516 GBSSD 512 GB2.1 kg
Lenovo Ideapad Slim 5 15IRU9 CORE 5_120U (83D00003VN),,https://fptshop.com.vn/may-tinh-xach-tay/lenovo-ideapad-slim-5-15iru9-core-5-120U,21.490.000 ₫,21.990.000 ₫,Intel Graphics15.3 inchCore 532 GB (1 thanh 32 GB)SSD 512 GB1.79 kg
Lenovo IdeaPad Slim 5 14IMH9 U5-125H (83DA001NVN),,https://fptshop.com.vn/may-tinh-xach-tay/lenovo-ideapad-slim-5-14imh9-u5-125h,21.490.000 ₫,21.990.000 ₫,Intel Arc Graphics14 inchCore Ultra 516 GB (1 thanh 16 GB)SSD 512 GB1.48 kg
Lenovo Gaming LOQ - 15IAX9 i5 12450HX (83GS005KVN),,https://fptshop.com.vn/may-tinh-xach-tay/lenovo-gaming-loq-15iax9-i5-12450hx,21.490.000 ₫,21.990.000 ₫,NVIDIA GeForce RTX 2050 4GB GDDR615.6 inchCore i516 GB (2 thanh 8 GB)SSD 512 GB2.38 kg
Lenovo ThinkPad E15 Gen 4 R5-5625U (21ED0069VN),,https://fptshop.com.vn/may-tinh-xach-tay/lenovo-thinkpad-e15-gen-4-r5-5625u,21.290.000 ₫,none,AMD Radeon Graphics15.6 inchRyzen 58 GBSSD 512 GB1.78 kg
Acer Aspire 5 A515-58P-71EJ i7 1355U,,https://fptshop.com.vn/may-tinh-xach-tay/acer-aspire-5-a515-58p-71ej-i7-1355u,19.990.000 ₫,20.490.000 ₫,Intel Iris Xe Graphics15.6 inchCore i716 GBSSD 1 TB1.7 kg
Lenovo ThinkBook 16 G6 ABP R5-7530U (21KK005XVN),,https://fptshop.com.vn/may-tinh-xach-tay/lenovo-thinkbook-16-g6-abp-r5-7530u,19.790.000 ₫,20.290.000 ₫,AMD Radeon Graphics16 inchRyzen 516 GB (1 thanh 16 GB)SSD 512 GB1.7 kg
HP 15-fd0235TU i5-1334U (9Q970PA),,https://fptshop.com.vn/may-tinh-xach-tay/hp-15-fd0235tu-i5-1334u,19.590.000 ₫,none,15.6 inchCore i516 GB (2 thanh 8 GB)SSD 512 GB1.59 kg
Asus TUF Gaming FA506NC-HN011W R5-7535HS,,https://fptshop.com.vn/may-tinh-xach-tay/asus-tuf-gaming-a15-fa506nc-hn011w-r5-7535hs,18.990.000 ₫,21.990.000 ₫,15.6 inchRyzen 58 GB (1 thanh 8 GB)SSD 512 GB2.3 kg
HP 15-fd0237TU i5-1334U (9Q972PA),,https://fptshop.com.vn/may-tinh-xach-tay/hp-15-fd0237tu-i5-1334u,18.790.000 ₫,none,15.6 inchCore i58 GB (2 thanh 4 GB)SSD 512 GB1.59 kg
HP 245 G10 R7 7730U (8F157PA),,https://fptshop.com.vn/may-tinh-xach-tay/laptop-hp-245-g10-r7-7730u,18.690.000 ₫,19.690.000 ₫,none
HP 14-ep0112TU i5-1335U (8C5L1PA),,https://fptshop.com.vn/may-tinh-xach-tay/hp-14-ep0112tu-i5-1335u,17.590.000 ₫,19.590.000 ₫,Intel Iris Xe Graphics14 inchCore i516 GB (2 thanh 8 GB)SSD 512 GB1.4 kg
ASUS Vivobook 15 X1504VA-NJ070W i5-1335U,,https://fptshop.com.vn/may-tinh-xach-tay/asus-vivobook-x1504va-nj070w-i5-1335u,17.490.000 ₫,18.490.000 ₫,Intel Iris Xe Graphics15.6 inchCore i516 GB (2 thanh 8 GB)SSD 512 GB1.7 kg
MSI Gaming Thin 15 B12UCX-1419VN i5-12450H,,https://fptshop.com.vn/may-tinh-xach-tay/msi-gaming-thin-15-b12ucx-1419vn-i5-12450h,17.490.000 ₫,17.990.000 ₫,NVIDA Geforce RTX 2050 4GB15.6 inchCore i58 GB (1 thanh 8 GB)SSD 512 GB1.86 kg
Lenovo Ideapad Flex 5 14ALC7 R7 5700U (82R900ECVN),,https://fptshop.com.vn/may-tinh-xach-tay/lenovo-ideapad-flex-5-14alc7-r7-5700u,15.990.000 ₫,16.990.000 ₫,AMD Radeon Graphics14 inchRyzen 716 GB (2 thanh 8 GB)SSD 512 GB1.55 kg
ASUS Vivobook 15 X1504ZA-NJ517W i5-1235U,,https://fptshop.com.vn/may-tinh-xach-tay/asus-vivobook-15-x1504za-nj517w-i5-1235u,15.490.000 ₫,16.490.000 ₫,Intel Iris Xe Graphics15.6 inchCore i516 GB (2 thanh 8 GB)SSD 512 GB1.7 kg
Lenovo V15 G4 IRU i5 13420H (83A100FYVN),,https://fptshop.com.vn/may-tinh-xach-tay/lenovo-v15-g4-iru-i5-13420h,13.990.000 ₫,14.490.000 ₫,Intel Arc Graphics15.6 inchCore i58 GB (1 thanh 8 GB)SSD 512 GB1.65 kg
Lenovo Ideapad Flex 5 14ALC7 R5 5500U (82R900EDVN),,https://fptshop.com.vn/may-tinh-xach-tay/lenovo-ideapad-flex-5-14alc7-r5-5500u,13.990.000 ₫,14.990.000 ₫,AMD Radeon Graphics14 inchRyzen 516 GB (2 thanh 8 GB)SSD 512 GB1.55 kg
Lenovo Ideapad Slim 3 - 15ABR8 R5 7430U (82XM00EJVN),,https://fptshop.com.vn/may-tinh-xach-tay/lenovo-ideapad-slim-3-15abr8-r5-7430u,13.490.000 ₫,13.990.000 ₫,AMD Radeon Graphics15.6 inchRyzen 516 GB (1 thanh 16 GB)SSD 512 GB1.62 kg
HP 15s-fq5228TU i3-1215U (8U240PA),,https://fptshop.com.vn/may-tinh-xach-tay/hp-15s-fq5228tu-i3-1215u,12.990.000 ₫,none,Intel UHD Graphics15.6 inchCore i38 GB (1 thanh 8 GB)SSD 512 GB1.69 kg
HP 14s-dq5121TU i3-1215U (8W355PA),,https://fptshop.com.vn/may-tinh-xach-tay/hp-14s-dq5121tu-i3-1215u,10.990.000 ₫,12.990.000 ₫,Intel UHD Graphics14 inchCore i38 GB (1 thanh 8 GB)SSD 512 GB1.36 kg
HP 15s-fq5231TU i3-1215U (8U241PA),,https://fptshop.com.vn/may-tinh-xach-tay/hp-15s-fq5231tu-i3-1215u,10.790.000 ₫,11.990.000 ₫,Intel UHD Graphics15.6 inchCore i38 GB (1 thanh 8 GB)SSD 256 GB1.69 kg
